,Word,Frequency
47,The,83
5,A,62
132,And,56
18,To,51
10,In,45
50,Of,44
242,.,39
28,Is,29
41,De,27
224,Your,21
78,With,20
163,This,20
1051,La,18
16,You,18
98,For,17
93,New,16
122,All,15
1071,Que,14
1042,En,14
229,That,14
1039,Y,14
24,#Food,13
3,At,11
309,From,11
248,#Foodblogger,11
249,#Delicious,10
184,Us,10
292,By,10
375,Are,10
246,#Foodtalkindia,10
247,#Foodiesofindia,10
252,#Discover,10
251,#Instafood,10
250,#Yummy,10
58,Have,9
305,Food,8
13,What,8
596,Chicken,8
103,Try,7
313,On,7
9,Restaurant,7
69,Tell,7
297,Has,7
1048,Una,7
690,Los,6
1117,Se,6
96,It,6
1046,Te,6
659,Their,6
1102,Un,6
1187,Su,6
39,El,6
129,Some,6
1078,Con,6
1144,Cada,6
285,Menu,6
398,#Delhi,5
17,Like,5
23,#Foodporn,5
845,Pasta,5
403,Will,5
121,ğŸ˜‹,5
233,List,5
1037,Para,5
92,Our,5
44,An,5
546,Order,5
240,Save,5
846,Prices,5
929,Favorite,5
331,As,5
15,Would,5
344,âœ¨,5
146,More,4
340,When:,4
1074,Cocina,4
345,Where:,4
820,Sandwich,4
343,Days,4
144,One,4
112,#Newyork,4
538,Creative,4
1101,Es,4
509,-,4
1086,Las,4
854,Italian,4
156,Out,4
847,Italy,4
54,Only,4
600,Just,4
678,&,4
390,Feast,4
64,Also,4
42,Can,4
238,Go-To,4
1306,Kfc,4
253,#Newintown,4
187,Get,4
283,Offers,4
421,Around,4
260,Cuisine,4
151,Which,4
351,DelhiğŸ“,3
1088,MÃ¡s,3
170,Ever,3
401,#Flavours,3
1147,Como,3
473,Its,3
1092,Sus,3
2,Ate,3
161,ğŸ¤·ğŸ½â€â™‚ï¸,3
495,Collaboration,3
379,Comment,3
1127,Lo,3
1126,Por,3
206,Make,3
1084,Compartimos,3
361,Flavors,3
468,Favourite,3
469,Plant-Based,3
376,Perfect,3
1340,Chole,3
504,Delhi,3
6,Two,3
123,Need,3
677,York,3
301,Chef,3
232,Hereâ€™S,3
234,Places,3
635,#Nyc,3
71,Three,3
236,Capital!,3
63,Experience,3
924,#Italianfood,3
1034,Algunos,3
1,We,3
43,Roca,3
907,Or,3
869,U.S.,3
778,Pop-Up,3
256,Into,3
258,World,3
1033,Son,3
75,Dishes,3
414,There,3
223,Starting,3
118,Got,3
263,Restro-Bar,3
274,Classic,3
1049,Lista,3
222,Than,3
1053,Donde,3
395,Serve,2
324,Features,2
396,Best,2
326,Bar,2
284,Diverse,2
397,Spots!,2
286,Authentic,2
1176,Tiene,2
328,Signature,2
329,Cocktails,2
341,12:30Pm,2
282,Soul,2
1181,Seguir,2
407,Kipos,2
386,#Drinks,2
287,Multiple,2
1202,Encuentra,2
1205,Cultural,2
319,Palate.,2
294,Experienced,2
1191,Esto,2
298,Been,2
278,Located,2
333,Curated,2
271,Spanish,2
310,Traditional,2
362,White,2
370,ğŸ¥‚,2
315,Designed,2
323,"Cuisine,",2
0,Everything,2
824,Ranch,2
921,#Pasta,2
705,App,2
695,They,2
681,Nyc,2
960,Time,2
967,Mexican,2
654,Offering,2
651,Shop,2
634,#Newyorkcity,2
997,Outselling,2
622,Name,2
1014,Whatâ€™S,2
604,â€œMost,2
1019,#Cincodemayo,2
599,#Chicken,2
1021,#Mexicanfood,2
593,Yourself,2
1036,Destinos,2
923,#Pastalover,2
919,Know,2
415,True,2
718,Be,2
825,Dorito,2
816,Papadia,2
801,Cooking,2
848,Increasingly,2
789,French,2
788,Between,2
856,Called,2
863,While,2
773,#Newflavor,2
875,Price,2
759,Variety,2
757,Flavor,2
751,Childhood,2
891,Durum,2
892,"Wheat,",2
742,Idea?,2
726,Take,2
579,"More,",2
572,Delicious,2
1052,Cdmx,2
1055,Desayunos,2
475,Week!,2
1125,"Cdmx,",2
460,Indian,2
459,South,2
457,#Ftiinsider,2
456,#Cocktails,2
450,Friends,2
449,Share,2
1142,Pizzas,2
1145,Uno,2
440,"1Am,",2
1149,FestÃ­n,2
432,Vibrant,2
1156,AquÃ­,2
425,Cocktail,2
420,Cultures,2
416,Culinary,2
1116,AsÃ­,2
1111,Nos,2
488,Inspired,2
524,ğŸ‘¯â€â™€ï¸,2
543,Special,2
541,Makes,2
1072,Hace,2
530,"Vihar,",2
529,Vasant,2
1080,ContemporÃ¡neo,2
1082,Del,2
1085,Algunas,2
490,Healthy,2
519,Over,2
518,Head,2
1090,"MÃ©xico,",2
266,Unique,2
514,"Market,",2
513,Block,2
493,Built,2
1262,Ciudad,2
823,Cool,2
1292,Week,2
119,Treat,2
25,#Michelinstar,2
228,Pancakes,2
1355,Cp,2
81,ğŸ“,2
217,These,2
139,Shrimp,2
33,Spain,2
1412,Roti,2
213,I,2
1411,Khamiri,2
145,Countryâ€™S,2
1409,Mutton,2
1295,Combos,2
149,Spicy,2
1298,ğŸ¤©,2
40,Celler,2
1300,My,2
1407,Changezi,2
1304,Go,2
160,It?,2
164,Most,2
68,Menus,2
166,Fish,2
67,Tasting,2
1330,Hai,2
1328,Ko,2
1326,...,2
1318,#Kfcindia,2
181,Made,2
120,You!,2
61,But,2
99,You?,2
91,Think,2
106,Weâ€™Re,2
111,#Foodie,2
97,Enough,2
1421,+,2
7,Michelin,2
90,Do,2
257,Soulful,2
975,Change,1
979,Latino,1
1047,Recomendamos,1
974,Driving,1
1392,1,1
977,Dramatic,1
978,Rise,1
976,"Taste,",1
1030,#Pizzagram,1
973,Factors,1
981,Reshaping,1
982,National,1
983,Americanâ€™S,1
984,Americans,1
1045,Conoces?,1
985,Craving,1
1044,Â¿CuÃ¡ntos,1
986,"Cheesy,",1
1043,"Familia,",1
987,Foods,1
988,Latin-Inspired,1
1391,#Foodies,1
1390,#Decor,1
980,Population,1
971,Longstanding,1
972,America.,1
1394,Releasing,1
1395,18Th,1
951,#Newflavors,1
952,#Sandwich,1
953,#Buffalochickensandwich,1
954,#Bltsandwich,1
1054,Sirven,1
955,#Cubansandwich,1
1371,"Offer,",1
956,According,1
957,Study,1
958,Datassential,1
959,First,1
961,"America,",1
1374,Reason,1
962,Both,1
963,Gen,1
964,Z,1
1372,You'Ve,1
965,Millennials,1
966,Cited,1
1373,Another,1
1393,#Drishyam2,1
1050,Restaurantes,1
968,Latin,1
969,#1,1
970,"Italian,",1
989,Ingredients,1
990,Preparations.,1
1375,Enjoy,1
1383,"Family,",1
1012,Vodka,1
1013,Us.,1
1387,#Connaughtplace,1
1015,Favorite?,1
1016,ğŸğŸ•Or,1
1386,ğŸ“ğŸ¥³,1
1017,ğŸŒ®?,1
1018,#Cincodemayo2023,1
1385,Mood,1
1035,Mejores,1
1384,Celebratory,1
1020,#Mexianfood,1
1382,Restuarant,1
1031,#Pizzalover,1
1022,#Mexicanfoodlover,1
1023,#Taco,1
1379,So,1
1381,For?,1
1024,#Tacos,1
1025,#Guacamole,1
1026,#Burrito,1
1027,#Italianfoodie,1
1028,#Pizza,1
1380,Waiting,1
1032,Estos,1
1029,#Pizzatime,1
1378,Price.,1
1011,Outgrow,1
1377,Unbelievable,1
1010,Poised,1
991,Fascinating,1
992,Facts,1
993,Trend,1
994,â€¦,1
995,ğŸ…,1
996,Salsa,1
1389,#Design,1
998,Ketchup.,1
1376,Faves,1
1041,Recuerdos,1
999,ğŸŒ½,1
1040,Coleccionar,1
1388,#Newdelhi,1
1000,Tortilla,1
1001,Chips,1
950,#Lays,1
1002,Potato,1
1003,Chips.,1
1004,ğŸ¹Margaritas,1
1005,Become,1
1006,Americaâ€™S,1
1038,Pasear,1
1007,Popular,1
1008,Cocktail.,1
1009,ğŸ¹Tequila,1
1265,Viene,1
942,Wavy,1
949,Below:,1
1414,Bhature,1
857,Crisis,1
858,Meeting,1
859,Curb,1
860,Surging,1
861,Beloved,1
862,Pasta.,1
1417,Bhature?,1
1416,Place,1
864,Inflation,1
865,"8.8%,",1
866,Skyrocketed,1
867,17.5%.,1
1415,â¤ï¸â¤ï¸,1
868,Pastaâ€™S,1
870,Spiked,1
855,Government,1
871,Well.,1
872,Recent,1
873,Report,1
874,Average,1
1413,!!,1
876,Spaghetti,1
877,Macaroni,1
878,Jumped,1
879,Highest,1
880,Record.,1
881,Difference,1
882,"Pasta,",1
883,Though.,1
884,1967,1
1418,Todays,1
1419,Dinner,1
886,â€œPurity,1
838,#Collaboration,1
1427,Chandni,1
826,Seasoning.,1
827,If,1
828,Canâ€™T,1
829,"Flavor,",1
1426,"Hatti,",1
830,Dip,1
831,"Sauce,",1
832,Too!,1
833,ğŸ•,1
834,#Papajohns,1
835,#Doritos,1
836,#Coolranch,1
837,#Papadia,1
839,Cacio,1
1420,=,1
840,E,1
841,Pepe,1
842,Going,1
843,Cost,1
1425,Di,1
844,YouğŸğŸ’µ.,1
1424,Kake,1
1423,ğŸ˜‹ğŸ˜‹,1
1422,Keema,1
849,Twice,1
850,Rate,1
851,Already,1
852,Considerable,1
853,Inflation.,1
885,Decree,1
887,Lawâ€,1
1396,November,1
935,Sauce),1
922,#Pastapasta,1
1402,#Amritsarfood,1
1401,Amritsar?,1
925,#Inflation,1
926,@Lays,1
927,Rolling,1
1400,Dhaba,1
928,Chip,1
1399,Da,1
930,Sandwiches:,1
931,ğŸ—Buffalo,1
932,(Cheesy,1
933,Zesty,1
934,Buffalo,1
936,ğŸ¥ª,1
920,ğŸ,1
1398,Kesar,1
937,Blt,1
938,(Smoky,1
939,Bacon,1
940,Tomato),1
1397,Legendary,1
941,ğŸ‡¨ğŸ‡º,1
1056,Muy,1
943,Cuban,1
944,(Pork,1
945,Cheddar,1
946,Cheese),1
947,First?ğŸ‘‡,1
948,Lay-T,1
1403,#Kesardadhaba,1
1404,#Lacchaparatha,1
888,Requires,1
903,During,1
889,Dried,1
890,Sold,1
1410,Korma,1
893,"Hard-Grained,",1
894,Coarse,1
1408,"Chicken,",1
895,Strain.,1
896,Varietal,1
897,Considerably,1
898,Difficult,1
899,Use,1
900,Bread,1
901,Holds,1
902,Form,1
904,Without,1
1405,#Dalmakhani,1
905,Becoming,1
906,Soft,1
908,Bland.,1
909,Less,1
910,10%,1
911,Worldâ€™S,1
912,Total,1
913,Wheat,1
914,Production,1
915,Wheat.,1
916,Tag,1
1406,#Amritsari,1
917,Love,1
918,Needs,1
1370,Bucket,1
1068,Redondear,1
1057,"Mexicanos,Â¡Lee",1
1208,"Unesco,",1
1195,Infinitamente,1
1196,Confianza,1
1197,Apoyo,1
1198,ğŸ™ğŸ»ğŸ™ğŸ»ğŸ™ğŸ»ğŸ¥¹ğŸ¥¹ğŸ‰ğŸŠğŸ¥‚,1
1199,#100K,1
1200,#100Kfollowers,1
1201,Mexicana,1
1299,Ordered,1
1203,Catalogada,1
1297,149,1
1204,Patrimonio,1
1296,Inr,1
1206,Inmaterial,1
1207,Humanidad,1
1209,Gracias,1
1222,Vez,1
1210,Significa,1
1211,Factor,1
1212,Fundamental,1
1213,Identidad,1
1214,PaÃ­s.,1
1215,Si,1
1216,Bien,1
1217,Cuenta,1
1294,Choose,1
1293,Here,1
1218,Diversidad,1
1291,Covered!!,1
1219,"Sorprendente,",1
1220,OrÃ­genes,1
1194,Agradecemos,1
1193,Imposible.,1
1301,Fav,1
1302,ğŸ˜,1
1172,Palabra,1
1173,"Escribimos,",1
1174,"RecomendaciÃ³n,",1
1316,April.,1
1175,PublicaciÃ³n,1
1315,9Th,1
1314,Till,1
1177,DedicaciÃ³n,1
1313,Lasts,1
1312,Because,1
1311,Hurry,1
1310,Now!,1
1178,Amor,1
1179,Inmensos.,1
1180,Vamos,1
1309,Website,1
1308,Via,1
1182,Trabajando,1
1183,Siempre,1
1184,Tengan,1
1307,Online,1
1185,Contenido,1
1186,Calidad,1
1305,Nearest,1
1188,Alcance.,1
1189,Sin,1
1190,Ustedes,1
1303,Yours,1
1192,SerÃ­a,1
1221,"PrehispÃ¡nica,",1
1223,Destaca,1
1058,Completa,1
1271,Varios,1
1278,Redescubriendo,1
1277,Visitando,1
1246,Semana,1
1247,Sabores,1
1276,Razones,1
1248,Taiwaneses!,1
1275,Muchas,1
1249,CercanÃ­a,1
1250,Clima,1
1251,"Privilegiado,",1
1252,Cuernavaca,1
1274,DarÃ¡n,1
1273,Escondidos,1
1272,Planes,1
1270,Existen,1
1224,AlimentaciÃ³n,1
1253,Ha,1
1254,Mantenido,1
1255,Favoritos,1
1269,Realidad,1
1256,Fin,1
1257,Semana.,1
1258,Aunque,1
1268,"Alberca,",1
1259,Cuando,1
1260,Pensamos,1
1267,JardÃ­n,1
1261,Esta,1
1266,Cabeza,1
1263,Generalmente,1
1245,Fines,1
1244,Disponibles,1
1279,Eterna,1
1243,Â¡EstÃ¡n,1
1290,@Kfcindia_Official,1
1225,Correspondiente,1
1289,"Well,",1
1226,Civilizaciones,1
1288,Mine?,1
1227,Mesoamericanas.,1
1287,High,1
1228,Des,1
1286,Cravings,1
1285,ğŸ‘‹ğŸ»,1
1229,Salto,1
1230,Culinario,1
1231,Al,1
1284,Delhites!,1
1232,Pasado,1
1233,Sitios,1
1234,Probar,1
1283,Hello,1
1235,PrehispÃ¡nica,1
1282,#Cuernavaca,1
1236,Cdmx.,1
1237,Enfoque,1
1281,#Mexico,1
1238,SerÃ¡,1
1239,Toda,1
1240,Experiencia.,1
1280,Primavera.,1
1241,@Baobao_Mx,1
1242,Especiales,1
1317,â°,1
1171,Ahora.,1
1170,ConvertirÃ­a,1
1098,Conoces,1
1356,Crispier,1
1089,Antiguas,1
1354,ğŸš¨âš ï¸,1
1353,Foodies,1
1352,Alert,1
1091,MaravillarÃ¡s,1
1351,Caption:,1
1093,Atractivos,1
1350,Paratha?,1
1094,TurÃ­sticos,1
1095,Riqueza,1
1096,Cultural.,1
1097,Ya,1
1349,ğŸ˜ğŸ˜.,1
1099,@Sobremesa.Mx,1
1169,Pleasure,1
1100,?,1
1348,Breakfast,1
1103,Especio,1
1104,Dedicado,1
1105,Talleres,1
1347,Paranthas,1
1106,"Cocina,",1
1346,Sukhdev'S,1
1107,"Clases,",1
1108,Catas,1
1345,Amrik,1
1109,MÃ¡sâ€¦,1
1344,Beat,1
1110,@Tequilatresgeneraciones,1
1357,Recently,1
1087,Ciudades,1
1358,Visited,1
1359,Beautiful,1
1059,Desde,1
1060,Link,1
1061,Bio!,1
1062,Nueva,1
1063,UbicaciÃ³n,1
1064,@Paxia_Do,1
1065,Rooftop,1
1066,@Hotelumbral,1
1067,Termina,1
1264,Primero,1
1069,Experiencia,1
1369,Celebration,1
1070,GastronÃ³mica,1
1368,Ongoing,1
1367,ğŸ‘ŒğŸ»ğŸ’¯,1
1366,Interiors,1
1073,Homenaje,1
1365,Done,1
1075,Tradicional,1
1076,"Mexicana,",1
1077,Pero,1
1364,Tastefully,1
1079,Giro,1
1363,Off,1
1362,Eyes,1
1361,Keep,1
1081,Experimental,1
1083,@Daniel_Ovadia.,1
1360,Couldnâ€™T,1
1112,Invito,1
1113,Clase,1
1114,Cata,1
1141,Deliciosas,1
1143,Apapachar,1
1329,Pasand,1
1146,"Comensales,",1
1327,Kis,1
1148,Ofrecer,1
1150,Lleno,1
1151,Sabor,1
1152,Comida.,1
1153,Visites,1
1325,Purani,1
1154,Cuanto,1
1155,"Antes,",1
1324,Saal,1
1157,Rinconcitos,1
1158,Disfrutar,1
1159,Buenas,1
1323,100,1
1160,Polanco.,1
1161,"Â¡Gracias,",1
1162,"Gracias,",1
1322,#Cholekulche,1
1321,#Collab,1
1163,Gracias!,1
1164,5,1
1165,AÃ±os,1
1320,#Crispychicken,1
1319,#Kfcchickenfeastweek,1
1166,JamÃ¡s,1
1168,Imaginado,1
1331,Kisi,1
1140,EspecÃ­ficamente,1
1115,Tequila,1
1139,"Italiana,",1
1343,Nothing,1
1342,Daryaganj.,1
1118,ViviÃ³,1
1119,#Catas,1
1120,#Sobremesa,1
1121,#Cocina,1
1122,Polanco,1
1341,"Kulche,",1
1123,Colonias,1
1124,Exclusivas,1
1339,Ke,1
1338,ğŸ“Lotan,1
1337,Yeh?,1
1336,Lagte,1
1335,Kaise,1
1128,No,1
1129,Sorpresa,1
1130,Albergue,1
1131,TambiÃ©n,1
1132,Propuestas,1
1334,Aapko,1
1133,GastronÃ³micas,1
1333,Nahi,1
1134,Primer,1
1135,Nivel.,1
1136,Ellas,1
1137,Especializan,1
1138,GastronomÃ­a,1
1332,Bilkul,1
1167,HubiÃ©ramos,1
714,@Google,1
822,Dusting,1
336,Flamenco,1
334,Jazz,1
332,Well,1
330,"Wines,",1
327,Selection,1
325,Lively,1
322,Exceptional,1
321,Addition,1
320,ğŸ¥˜ğŸ¤¤,1
318,Satisfy,1
317,Senses,1
316,Delight,1
314,"Dishes,",1
312,Twists,1
311,Innovative,1
308,Continents.,1
335,"Nights,",1
337,"Acts,",1
306,Travel,1
338,More.,1
359,Light,1
358,Glass,1
357,Raise,1
356,#Spanish,1
355,#Global,1
354,#Soul,1
353,Plans!ğŸ‘¯â€â™€ï¸,1
352,Weekend,1
350,"Chanakyapuri,",1
349,"Marg,",1
348,Niti,1
347,"Hotel,",1
346,Ashok,1
342,"Onwards,",1
339,ğŸ’ƒğŸ»,1
307,Across,1
304,Search,1
363,"Wine,",1
272,Seaside,1
269,Transports,1
268,Entertainment,1
267,Dining,1
265,ğŸ½ï¸,1
264,Town!,1
262,Newest,1
261,"Soul,",1
259,Global,1
255,Step,1
254,@Soulnewdelhi,1
245,#Breakfast,1
244,#Sundaymorning,1
243,#Pancakes,1
241,List!ğŸ‘¯â€â™€ï¸,1
239,Spots,1
270,90S,1
273,Bar;,1
303,"Wadhwan,",1
275,Contemporary,1
302,Anuj,1
300,Mastered,1
299,Handpicked,1
296,ğŸ‘¨â€ğŸ³,1
295,Chefs.,1
293,Team,1
291,Crafted,1
290,Expertly,1
289,"Cuisines,",1
288,Other,1
281,"Delhi,",1
280,Central,1
279,Heart,1
277,ğŸ¸ğŸ˜‹,1
276,Mixology.,1
360,Crisp,1
364,Refreshing,1
821,Covered,1
441,17A,1
438,Senses.ğŸ¸ğŸ¤¤,1
437,"Waterfalls,",1
436,Mystical,1
435,"Flowers,",1
434,Colorful,1
433,"Greenery,",1
431,Cuisine.,1
430,Complements,1
429,Perfectly,1
428,Bartender,1
427,Turkish,1
426,Renowned,1
424,Extensive,1
423,ğŸ˜‹ğŸ½ï¸,1
422,World.,1
439,12Pm,1
442,"City,",1
418,Taking,1
443,Westend,1
464,Friends!,1
463,Recommendations.,1
462,â€˜S,1
461,@Aaksheegakhar,1
458,Explore,1
455,#Globalcuisine,1
454,#Bestofwest,1
453,#Restrobar,1
452,#Kipos,1
451,Later!,1
448,"Bagh,",1
447,Punjabi,1
446,"Road,",1
445,Club,1
444,Hotel,1
419,Inspiration,1
417,"Adventure,",1
365,Escape,1
387,Flavours,1
384,#Wine,1
383,#Budgetfriendly,1
382,#Whitewine,1
381,Go-Tos!âœ¨,1
380,Below,1
378,Occasion!,1
377,Any,1
374,Wines,1
373,Finest,1
372,Hand-Picked,1
371,Here'S,1
369,Life.,1
368,Everyday,1
367,Bustle,1
366,Hustle,1
385,#Stockup,1
388,Mediterranean,1
413,ğŸ¤«,1
389,Surely,1
412,Theme.,1
411,Garden,1
410,Mystery,1
409,Ambiance,1
408,One-Of-A-Kind,1
406,Wonders.,1
405,Botanical,1
404,Transport,1
402,@Kipospb,1
400,#Guide,1
399,#Mediteranneanfood,1
394,Guide,1
393,"So,",1
392,ğŸ½ï¸ğŸ¤¤,1
391,Senses.,1
237,ğŸ¤¤âœ¨,1
235,Oh-So-Delish,1
231,Mouth.ğŸ˜‹ğŸ¥,1
101,#Itsonlyfood,1
95,ğŸ’¦ğŸ¤·ğŸ½â€â™‚ï¸,1
94,Video?,1
89,#Michelinrestaurant,1
88,#Michelinstars,1
87,#Foodieadventures,1
86,#Foodietravel,1
85,#Spaintrip,1
84,#Travelspain,1
83,#Visitspain,1
82,"Girona,",1
80,â¤ï¸,1
79,@Danielgreve,1
77,Quality.,1
76,Divine,1
74,Visually-Appealing,1
100,ğŸ˜³ğŸ¤£,1
102,#Getyourmindoutofthegutter,1
72,Brothers,1
104,This??,1
128,"Tomatoes,",1
127,Cherry,1
126,"Mushrooms,",1
125,"Brie,",1
124,Wheel,1
117,ğŸ¤·ğŸ½â€â™‚ï¸ğŸ§€ğŸ”¥,1
116,Snack?,1
115,Cheese,1
114,Baked,1
113,Feel,1
110,#Restaurant,1
109,#Finedining,1
108,ğŸ˜ğŸ˜,1
107,@Journeyexperiencenyc,1
105,Today,1
73,Through,1
70,Stories,1
230,Melt,1
35,Housed,1
32,Star,1
31,3,1
30,"@Cellercanroca,",1
29,Served,1
27,Dessert,1
26,#French,1
22,#Saintpierre,1
21,#Singapore,1
20,ğŸ¤·ğŸ½â€â™‚ï¸ğŸ˜,1
19,Try?,1
14,Course,1
12,â­ï¸â­ï¸,1
11,Singapore.,1
8,Starred,1
4,"@Saintpierresg,",1
34,ğŸ‡ªğŸ‡¸ğŸ¤¯,1
36,Purpose-Built,1
66,Spiritual.,1
37,Modern,1
65,Rather,1
62,Gastronomic,1
60,"Effect,",1
59,Meditative,1
57,Design,1
56,Architectural,1
55,Does,1
53,Not,1
52,Spain.,1
51,Girona,1
49,Architecture,1
48,Medieval,1
46,Contrast,1
45,Interesting,1
38,"Space,",1
130,Rosemary,1
131,Sprigs,1
133,Chopped,1
204,Shows,1
202,ğŸŸğŸ‘€ğŸ¤·ğŸ½â€â™‚ï¸,1
201,Eyes?!,1
200,Eaten,1
199,Aldoventuracci/Tt,1
198,Work,1
197,Did,1
196,Method,1
195,Used,1
194,ğŸ¾ğŸ¥‚ğŸ¤¯,1
193,Champagne!,1
192,Bottle,1
191,Open,1
190,Way,1
189,*Correct*,1
188,Shown,1
203,@Sushi_Chef.Hiro,1
205,How,1
134,Parsley!,1
207,Simmered,1
227,Golden,1
226,"Fluffy,",1
225,Sunday,1
221,Better,1
220,Nothingâ€™S,1
219,#Foodreviews,1
218,Places?,1
216,Edition,1
215,Tourist,1
214,Day:,1
212,Eat,1
211,ğŸ˜³,1
210,Eyes!,1
209,Tuna,1
208,Bluefin,1
186,ğŸ¥°,1
185,Watch!,1
183,Inviting,1
182,Seafood,1
155,Directly,1
154,Scooped,1
153,Live,1
152,Includes,1
150,Salad,1
148,Delicaciesâ€¦,1
147,Unusual,1
143,Thailand,1
142,Back,1
141,ğŸ˜¬ğŸ¦ğŸ’ƒğŸ½,1
140,Salad?,1
138,Dancing,1
137,Want,1
136,Anyone,1
135,ğŸ™ğŸ¥°,1
157,Tank,1
158,Front,1
159,ğŸ¤¯,1
174,Very,1
180,Ocean,1
179,Thanks,1
178,ğŸ¤©ğŸŸğŸ”ª,1
177,Amazingness,1
176,See,1
175,End,1
173,Until,1
162,#Thailand,1
172,Watch,1
171,Filmed.,1
169,Weâ€™Ve,1
168,Videos,1
167,Filleting,1
165,Mesmerising,1
465,#Southindian,1
466,#Authentic,1
467,@Begreenr,1
715,@Wendys,1
712,#Losangeles,1
711,#Spicy,1
710,#Halalfood,1
709,#Halal,1
708,Today.,1
707,Delivery,1
706,Ios,1
704,Gyroâ€,1
703,â€œNew,1
702,Download,1
701,@Doordash,1
700,Honor,1
699,Starâ€,1
698,Loved,1
697,Coveted,1
713,#La,1
716,Announced,1
694,Locations.,1
717,June,1
734,"Customers,",1
733,Upsell,1
732,Itâ€™S,1
731,Processâ€.,1
730,Part,1
729,â€œSlowest,1
728,Up,1
727,Speed,1
725,Chatbot,1
724,ğŸ¤–ğŸ”,1
723,Locations,1
722,Drive-Thru,1
721,Ohio,1
720,Ai,1
719,Testing,1
696,Recipient,1
693,4,1
649,Tiny,1
670,ğŸŒ™,1
668,Growing,1
667,Couple,1
666,Different,1
665,Represents,1
664,â€œInterstellarâ€,1
663,Influences.,1
662,American,1
661,Heritage,1
660,Korean,1
658,Reflect,1
657,Dinner.,1
656,Lunch,1
655,"Breakfast,",1
653,All-Day,1
652,Transformed,1
669,Up.,1
671,#Interstellar,1
692,Opening,1
672,#Coffeeshop,1
691,Angeles,1
689,Moved,1
688,Raised,1
687,Born,1
686,Were,1
685,Owners,1
684,@Nyc_Gyro,1
683,La.,1
682,Halal,1
680,Brings,1
679,Gyro,1
676,#Fusion,1
675,#Americancuisine,1
674,#Koreancuisine,1
673,#Aapimonth,1
735,Larger,1
736,Sizes,1
737,Daily,1
800,6-Course,1
798,Director,1
797,Founder,1
796,",",1
795,@Harrynuriev,1
794,Designer,1
793,/,1
792,Architect,1
791,@Mory_Sacko_,1
790,Michelin-Starred,1
787,17Th,1
786,12Th,1
785,May,1
784,"Street,",1
783,Water,1
782,161,1
799,@Crosbystudios,1
802,"Techniques,",1
738,Specials.,1
803,Combined,1
819,Flatbread,1
818,Cheesy,1
817,@Doritos,1
815,Released,1
814,@Papajohns,1
813,#Artweek,1
812,#Popup,1
811,Condiments,1
810,Products,1
809,Japanese,1
808,Finalized,1
807,African,1
806,Warmth,1
805,"Chilies,",1
804,"Spices,",1
781,Manhattan,1
780,Downtown,1
779,@Wsanyc,1
777,Highly-Anticipated,1
755,â€œRocket,1
754,Launched,1
753,@Twistedtea,1
752,Classic.,1
750,Tea),1
749,Twist(Ed,1
748,#Artificialinteligence,1
747,#Google,1
746,#Wendys,1
745,#Drivethru,1
744,#Ai,1
743,Horrible,1
741,Good,1
740,Ai?,1
739,Application,1
756,Popâ€,1
758,Add,1
760,Party,1
769,21+,1
776,Opens,1
775,@We.Are.Ona,1
774,Studio,1
772,#Rocketpop,1
771,#Twistedtea,1
770,ğŸ˜‰ğŸ”¥.,1
768,Being,1
761,Pack.,1
767,Perks,1
766,Mixed,1
765,Drink,1
764,Nostalgia,1
763,Combo,1
762,Seems,1
650,Coffee,1
648,Started,1
470,"CafÃ©,",1
542,Pco,1
539,Drinks.,1
537,Serves,1
536,Kind,1
535,"Capital,",1
534,Hideaway,1
533,Visit!,1
532,Speakeasy,1
531,@Passcodeonly,1
528,#Nextsip,1
527,#Southdelhi,1
526,#Plantbased,1
525,#Greenr,1
523,Unwind!,1
522,Wekeend,1
521,Outlet,1
540,ğŸ¸,1
544,Pass,1
517,"1,",1
545,Code,1
561,"4,",1
560,D,1
559,Daysâœ¨,1
558,5:30Pm,1
557,ğŸ¤«âœ¨,1
556,Friends.,1
555,Patrons,1
554,Private,1
553,Sent,1
552,"Week,",1
551,Times,1
550,Changes,1
549,Passcode,1
548,Speakeasy.,1
547,Enter,1
520,Greenrâ€™S,1
516,Kailash,1
647,Monica.,1
491,Unprocessed,1
487,Was,1
486,Concept,1
485,2015.,1
484,Yadav,1
483,Mohit,1
482,Dixit,1
481,Nitin,1
480,Co-Founded,1
479,Cafe,1
478,Community,1
477,Greenr,1
476,ğŸ˜‹ğŸ¥™,1
474,Location,1
472,Doors,1
471,Opened,1
489,California,1
492,Diet,1
515,Greater,1
494,Active,1
512,N,1
511,"N-4,",1
510,"10Pm,",1
508,Living.ğŸŒ¿,1
507,Sustainable,1
506,Encouraging,1
505,About,1
503,Flagship,1
502,Largest-Ever,1
501,Cafeâ€™S,1
500,Space,1
499,ğŸ¥—,1
498,Brands.,1
497,Conscious,1
496,Emerging,1
562,"D,",1
563,Youâ€™D,1
564,Here!,1
627,Trying,1
625,Treat.,1
624,Delectable,1
623,"Few,",1
621,"Compote,",1
620,Strawberry,1
619,"Tuile,",1
618,Coconut,1
617,"Jelly,",1
616,Sakura,1
615,Lemon,1
614,Lychee,1
613,Parfait.,1
612,Spring,1
611,Ingredient,1
610,16,1
626,Who'S,1
628,It??,1
565,#Worldcocktailday,1
629,ğŸ“ğŸ¥¥ğŸ¨,1
646,Santa,1
645,Kim,1
644,Daniel,1
643,@Angiekimmm,1
642,Wife,1
641,Husband,1
640,Run,1
639,@Intersellar_La,1
638,#Japanesefood,1
637,#Newyorkcityfoodie,1
636,#Nyceats,1
633,#Parfait,1
632,#Expensive,1
631,#Momoyasoho,1
630,#Dessert,1
609,"Ranman,",1
608,Haru,1
607,@Momoyasoho,1
606,Dessertâ€.,1
582,Brunch,1
581,Cafes,1
580,Restaurants,1
578,Delicacies,1
577,Regional,1
576,Treats,1
575,European,1
574,ğŸ‘©â€ğŸ‘¦âœ¨,1
573,Together!,1
571,Moments,1
570,Celebrate,1
569,"Day,",1
568,Motherâ€™S,1
567,#Passcodeonly,1
566,#Pco,1
583,Date,1
584,Mom!,1
585,ğŸ½ï¸ğŸ˜‹,1
595,Butter,1
605,Complicated,1
603,Yorkâ€™S,1
602,Indulge,1
601,"$28,",1
598,#Butterchicken,1
597,ğŸ¤¤ğŸ½ï¸,1
594,Creamy,1
586,Later,1
592,Sign,1
591,Consider,1
590,#Cafes,1
589,#Brunch,1
588,#Mothersday,1
587,Spots!ğŸ‘¯â€â™€ï¸,1
1428,Chowk,1
