InvestorsName,Count
,38
& Others,1
122 West Ventures,1
1Crowd,3
1Crowd (Through Crowd Funding),1
1Crowd (Through Crowdfunding),1
3One4 Capital,6
3One4 Capital Advisors,1
3One4 Capital Advisors Llp,1
500 Start-Ups,1
500 Startups,20
500 Startups & Other Hnis,1
50K Ventures,4
50K Ventures & Others,1
91Maker.Com,1
91Springboard,1
A M Sikander,1
Aakrit Vaish,1
Aarin Capital,6
Aarin Capital & Others,1
Aarin Capital Partners,4
Aarti Group,1
Aaruha Technology Fund,1
Aavishkaar,2
Aavishkaar Venture Management,1
Aavya Ventures,1
Ab Kinnevik,1
Abaran Deep,1
Abhai S. Rao,1
Abhay Singhal,2
Abhijit Avasthi,1
Abhijit Bhandari,1
Abhinav Bindra,1
Abhinav Mathur,1
Abhinav Patodia,1
Abhinav Sinha,1
Abhishek Acharya,1
Abhishek Agarwal,1
Abhishek Goyal,3
Abhishek Gupta,2
Abhishek Jain,1
Abhishekh Goyal,1
Abi-Showatech (India) Ltd,1
Abm Knowledgeware,1
Abraaj Group,1
Abstract Ventures,1
Abu Farhan Azmi,1
Accel,1
Accel India,3
Accel Partner,2
Accel Partners,52
Accel Partners & Existing Investors,1
Accel Partners & Others,2
Accel Partners India,3
Accel Partners Rnt Associates,1
Accel Us,1
Accion,2
Accion Venture Lab,1
Accion Venture Labs,1
Acumen Fund,4
Adag Reliance Private Equity,1
Adam DâAngelo,1
Adi Saravanan,1
Adil Allana,1
Aditya Agarwal,2
Aditya Aggarwal,1
Aditya Dev Sood,1
Aditya Singh,1
Aditya Verma,1
Aditya Vij,1
Adroitent Pvt. Ltd,1
Advantedge Partners,3
Adveq Management,1
Aecal,1
Afsal Salu,2
Agarwal Movers Group,1
Agnus Capital,3
Ah! Ventures,15
Ain Capital Ventures,1
Ajai Chowdhary,1
Ajai Chowdhry,2
Ajay Data,1
Ajay Data & Other Hnis,1
Ajay Lakhotia,1
Ajay Modani,1
Ajay Nanavati,1
Ajay Piramal,1
Ajay Relan,3
Ajay Sarupria,1
Ajeet Khurana & Others,2
Ajeet Khurana Jinesh Shah,1
Ajesh K Murthy,1
Ajit Surana,1
Ajith Nair,2
Ajith Sukumaran,1
Ajmera Group Of Companies,1
Akash Agarwal,1
Akash Bhavsar,1
Akash Garg,1
Akusa Holdings,1
Al Dhaheri Family,1
Alcon Edge Capital,1
Alex Chua,1
Alex Kuruvilla,1
Alexander Bruehl,1
Alfa Capital,1
Alibaba,2
Alibaba Group,1
Alibaba Pictures,1
Allen Blue,1
Alok Bajpai,1
Alok Goel,2
Alok Goel & Others,1
Alok Mittal,6
Alok Mittal & Others,1
Alok Rawat,1
Alok Sharma,2
Aloke Bajpai,1
Alpha Capital,1
Alphard Maritime Group,1
Altimeter Capital,1
Alto Partners,1
Amadeus Capital,1
Amajit Gupta,1
Amanpreet Bajaj,2
Amar Arsikere,1
Amarpreet Sawhney,1
Amaya Capital Llp,1
Amazon,2
Ambarish Gupta,1
Ambarish Ray,1
Ambi Parameswaran,1
Ambiga Dhiraj,1
Ambit Pragma,1
Ameera Shah,3
Amen Dhyllon,1
Amereus Group,1
American Express,1
American Express Ventures,2
Amit Agrawal,1
Amit Banati,1
Amit Banka,1
Amit Choudhary,2
Amit Dey,1
Amit Gupta,9
Amit Jindal,1
Amit Khanna,1
Amit Khanna (Letsventure),1
Amit Kharbanda,1
Amit Nagar,1
Amit Nanavati,1
Amit Patni,2
Amit Rambhia & Others,1
Amit Ranjan,6
Amit Ranjan & Others,1
Amit Rathore,1
Amit Sandill,1
Amit Singhal,1
Amit Sinha,1
Amit Tyagi,1
Amitpal Bhutani,1
Amod Malviya,1
Amrish Kumar,1
Analec,1
Anand Chandrasekaran,13
Anand Chandrasekaran & Others,1
Anand Ladsariya,2
Anand Mahindra,4
Anand Mittal,1
Anand Rajaraman,3
Anand Sankeshwar,2
Anand Singh,1
Anand Vijay,2
Ananda Kallugadde,1
Anandbir Singh,1
Ananth Narayanan,1
Anbu Pandian,2
And Ajai Chowdhry,1
And Amit Bhatiani,1
And Gurpreet Singh,1
And Mas Financial Services Ltd,1
And Sahil Barua,1
And Sanjeev Agrawal,1
Andre Hoffman,1
Aneesh Reddy,6
Aneesh Reddy & Teruhide Sato,1
Aneesh Seth,1
Angelprime,3
Angie Mahtaney,1
Anglian Omega Network,2
Anicut Capital,1
Anil Chopra,1
Anil Gelra,1
Anil Jaggia,1
Anil Jain,1
Anil Jain & Other Hnis,1
Anil Kapoor,1
Anil Matai,1
Anil Menon,1
Anindya Ghose,1
Anirudh Damani,6
Anirudh Rastogi,1
Anirudh Sheth,1
Anish K,1
Anisha Mittal,1
Anita Dongre,1
Anita Gupta,1
Anita Hassanandani,1
Anjani Prasad,1
Ankit Aditya,1
Ankit Bhati,2
Ankit Gupta,1
Ankit Maheshwari,1
Ankit Nagori,3
Ankur Capital,1
Ankur Gupta,1
Ankur Singla,1
Ankur Warikoo,1
Ankush Mehta,1
Ankush Nijhawa,1
Ankush Nijhawan,2
Ankush Saigal,1
Anoop Goyal,1
Anoop Hingorani,1
Anshoo Gaur,1
Anshu Sharma,1
Anshul Jindal,1
Anshuman Das,1
Ant Financial,1
Ant Financial Services (Alipay),1
Anthil Ventures & Others,1
Anthill Scale Ventures,1
Anthill Ventures,1
Anubhav Verma,1
Anuj Golecha,1
Anuj Puri,1
Anuj Sanghi,1
Anuj Srivastava,3
Anupam Mittal,18
Anupam Mittal & Other Marquee Investors,1
Anupam Mittal & Others,1
Anupam Tyagi,1
Anurag Chauhan,1
Anurag Gupta,1
Aparup Sengupta,1
Apis Partners,1
Apoletto,2
Apoletto Managers,1
Apoorv Ranjan Sharma,1
Appliyifi,1
Applyifi,1
Aprameya,1
Aprameya Radhakrishna,11
Aprameya Radhakrishnan,1
Apurva Salapuria,1
Apurva Salarpuria,1
Aqeel Ahmed,2
Aramex Ventures Llc,1
Arathi Krishna,1
Arihant Patni,6
Arjun And Rohan Malhotra,1
Arjun Handa,1
Arjun Malhotra,1
Arjun Mehta,1
Arjun Sharmaa,1
Arkas Industries,1
Armat Group,1
Artha India Ventures,1
Artiman Ventures,1
Arun Chandra Mohan,2
Arun Duggal,1
Arun Khanna,1
Arun Malhotra,1
Arun Patodia,1
Arun Sarin,1
Arun Seth,1
Arun Tadanki,3
Arun Venkatachalam,2
Aruna Ganesh Ram,1
Arvind Jha,1
Ascent Capital,2
Aseem Sood,1
Ash Bhardwaj,1
Asha Jadeja Motwani & Others,1
Ashim Mehra,2
Ashish Agrawal,1
Ashish Chand,1
Ashish Dev Kapur,1
Ashish Dhawan,1
Ashish Goenka & Others,1
Ashish Gupta,6
Ashish Hemrajani,2
Ashish Jhalani,1
Ashish Kashyap,1
Ashish Lakhanpal,1
Ashish Mahajan,1
Ashish Tiwari,1
Ashish Todi,1
Ashish Tulsian,1
Ashneer Grover,1
Ashok Agarwal,1
Ashok Goel (Promoter),1
Ashutosh Lawania,2
Ashvin Chadha,5
Asia Pacific Internet Group,1
Asian Healthcare Fund,1
Ask Pravi,1
Askme,1
Asp Consulting,1
Aspada,2
Aspada Advisors,1
Aspada Investment Advisors,2
Aspada Investments,1
Aspada Ventures,1
Aspire Systems,1
Asset Management (Asia) Ltd,1
Astarc Ventures,4
Astarc Ventures & Others,1
Asuka,1
Asuka Holdings,2
Atul Goel,1
Atul Ingle,1
Atul Jain,1
Atul Jalan,2
Atul Nishar,3
Atul Phadnis,1
Atulya Mittal,1
Augment Ventures,2
August Capital Partners,1
Avalon Ventures,1
Avg Group,1
Avnish Mehra,1
Avtar Monga,1
Axan Venture,1
Axiata Digital,1
Axilor,1
Axilor Partners,1
Axilor Ventures,11
Axis Bank,1
Axis Capital,2
Axis Capital & Others,1
Axon Partners,1
Ayesha Takia Azmi,1
Azmul Haque,1
B Capital Group,1
B M Gupta,1
B S Nagesh,1
Badal Malick,1
Baillie Gifford,1
Balaji Prabhakar,1
Balamurugan Mani,1
Balasubramanian Krishnamurthy,1
Bank To The Future And Funders Club,1
Barkawi Holdings Gmbh,2
Batlivala & Karani Securities,2
Bc Prabhakar,1
Bccl,1
Bedrock Ventures,3
Beenext,16
Beenext Ventures,2
Beenextan Investment Fund,1
Beenos,7
Beenos Asia,1
Beerud Sheth And Ravi Mantha,1
Bennett,3
Bennett Coleman & Co. Ltd,1
Benori Ventures Llp,1
Berggruen Holdings,1
Bertelsmann India,3
Bertelsmann India Investments,4
Bertelsmann India Investments Norwest Venture Partners,1
Bessemer Venture,1
Bessemer Venture Partner,1
Bessemer Venture Partners,14
Bessemer Ventures,2
Best Foodworks,1
Betonindia Technology Pvt Ltd,1
Bhanu Vikram Parsotam,1
Bharanidharan Viswanathan,1
Bharat Gupta,1
Bharat Kedia,1
Bharat Sheth,1
Bharat Vijay,1
Bharti Enterprises,1
Bhavdeep Reddy,1
Bhavin Turakhia,1
Bhavish Aggarwal,3
Bhupen Shah,1
Bhupen Shah & Others,1
Bhupender Singh,1
Big Data Investments B.V,1
Bijou Kurien,2
Binny Bansal,9
Bitchemy Ventures,1
Bitkemy Ventures,1
Biz Stone,2
Bizreach,1
Blackjag Partners,1
Blacksoil,1
Blacksoil Capital Pvt Ltd,1
Blacksoil Capital Pvt. Ltd,3
Blackstone Valley Group,1
Blinc Advisors,1
Blip Initiatives,1
Blockchain Ecosystem Global Advisors,1
Blue Cloud Ventures,1
Blue Fog Capital,1
Blue Orchard,1
Blume Ventures,41
Blume Ventures & Ivycap Ventures,1
Blume Ventures & Other Unnamed Investors,1
Blume Ventures & Others,3
Blume Ventures & Vaibhav Domkundwar,1
Blume Ventures And Ujama,1
Bobby Reddy,1
Bodhtree Consulting Limited,1
Boman Irani,1
Bookmyshow,1
Boost Vc,1
Brahmax Ventures,1
Brand Capital,13
Bravia Capital,1
Bren Corporation,1
Brian Acton,1
Brick Eagle,1
Brigade Innovations Llp,1
Broadbean Capital Services,1
Bs Nagesh,1
Bunny Bansal & Other Investors,1
Bvr Mohan Reddy,1
Bytedance,1
C31 Ventures,1
Ca Media Lp,1
Calcutta Angel Network,1
Calcutta Angels,4
Calcutta Angels Network,2
Calcutta Angels Network (Can),1
Cameron Jones,1
Canaan Partners,1
Cao Yibin,1
Capitalg,1
Capricorn Investment And Ifc,1
Capricorn Investment Group,2
Careernet Consulting Pvt. Ltd,1
Carlyle Group,1
Carnegie Mellon University,1
Carpediem Capital,2
Carpediem Capital & Others,1
Carrick Capital Partners,1
Cashurdrive Marketing Pvt Ltd,1
Catamaran Ventures,3
Cataraman Ventures,1
Ccavenue,1
Ccube Angels,1
Cdc Group Plc,1
Centre For Incubation & Business Acceleration (Ciba),1
Centre For Innovation Incubation And Entrepreneurship (Ciie),3
Cerracap,1
Chan Zuckerberg Initiative,1
Chanakya Hridaya,1
Chandigarh Angel Network (Can),1
Chandigarh Angels,1
Chandigarh Angels Funding,1
Chandigarh Angels Network,3
Chandigarh Angels Network (Can),1
Chandralekha Construction Pvt. Ltd,1
Chandrashekar Tallapragada,1
Chandru Badrinarayanan,1
Chatsworth Management,1
Cheetah Mobile,1
Chennai Angels,5
Cherry Tin,1
Chetan Bhagat,1
Chicago Capital Ventures,1
Chidambaram Palaniappan,1
Chip Perry,1
Chirag Nikunj Sheth & Others,1
Chryscapital,1
Cio Angel Network,3
Cio Angel Network (Can),1
Cipher-Plexus Capital Advisors & Indian Hnis,1
Cisco Investments,1
Cisco Ventures,1
Clairvest Group,1
Clsa Capital Partners Aria Iv Funds,1
Cmyk Health Boutique Pvt Ltd & Other Individual Investors,1
Coatue Management,1
Cocreate Ventures,1
Cogent E Services,1
Coleman And Co. Ltd (Bccl),1
Coleman And Company Ltd,2
Collaborative Licensing Ventures Llp,1
Commonfloor,1
Concur Technologies,1
Consortium Of Angel Investors,1
Constellation Technology Ventures (Exelon Corporation),1
Contrarian Capital,1
Contrarian Capital India Partners,1
Contrarian Vriddhi Fund,1
Corvus Ventures,2
Cota Capital,1
Cp Bothra,1
Creation Investments Capital Management,1
Cross Border Angels,1
Cross Border Angels & Experts,2
Cross Border Angels & Others,1
Crv,1
Csc Upshot & Angel Investors,1
Ctrip.Com International Ltd,1
Curefit,1
Currae Healthtech Fund,3
Cyber Carrier,1
Cyber Carrier Cl,1
Cyber Carrier Vc,1
Cyberagent Ventures,1
Da-Iict,1
Dah Beteiligungs Gmbh,1
Dalip Pathak,1
Daljit Singh,2
Daman Soni,1
Dangold Investment Corp,1
Darius Pandole,1
Daud Ali,1
Daud Ali And Others,1
Deep Kalra,2
Deep Kalra & Others,1
Deepak Chokhani,1
Deepak Ghaisas,1
Deepak Gupta,1
Deepak Gurnani,1
Deepak Jain,1
Deepak Kulkarni,1
Deepak Nathani,3
Deepak Natraj,1
Deepak Shahdadpuri,1
Deepak Sharma,1
Deepak Singh,1
Deepinder Goyal,2
Delhivery,4
Delta Partners,1
Dena Co,1
Deobrat Singh,1
Deshpande Foundation,1
Deutsche Telekom Strategic Investments & Others,1
Deutsche Telekom Strategic Investments (Dtsi),1
Devdeep Singh,1
Development Finance Institution Belgian Investment Company,1
Devendra Rane,1
Devendra Reddy,1
Devesh Rai G,1
Devesh Sachdev,1
Devidas Desai,1
Devry Inc,1
Dewan Housing Finance Corp,1
Dewang Neralla,1
Dexter Angel Circle,1
Dg Ventures India,1
Dheerag Jain,1
Dheeraj Jain,5
Dheeraj Jain & Other Angel Investors,1
Dheeraj Jain & Others,1
Dheeraj Mehta & Others,1
Dheeraj Pandey,1
Dhi Group Inc,1
Dhiraj Rajaram,1
Dhruv Chitgopekar,1
Diaz Nesamoney,1
Didi Kuaidi,2
Digital Currency Group,1
Digital Financial Service Lab,1
Digital Garage,5
Digital Garage Inc,1
Dileep Bhatt,1
Dileep Nath,1
Dinesh Agarwal,4
Dinesh Kundu & Others,1
Dinesh Mittal,1
Dinesh R. Challa,1
Dino Morea,2
Divyesh Shah,1
Dmg Information,1
Dmg Information Asia Pacific,1
Doreswamy Nandkishore,1
Dr David Cheriton,1
Dr Faraz Naqvi,1
Dr Mushtaq Shah,1
Dr Nandish Domlur,1
Dr Paresh Doshi,1
Dr Ramesh Ayyala,1
Dr V Ravinder,1
Dr. Abhishek Pandey,1
Dr. Aniruddha Malpani,2
Dr. Aniruddha Malpani Manish Gupta,1
Dr. Apoorv Ranjan Sharma,2
Dr. Goutam Challagalla,1
Dr. Pooja Gandhi,1
Dr. Pramath Raj Sinha,1
Dr. Prasad Kaipa,1
Dr. Rameshwar Kumar,1
Dr. Ranjan Pai,1
Dr. Ritesh Malik,2
Dr. Sridhar Ramaswamy,1
Dragoneer Investment,2
Dragoneer Investment Group,1
Draper Associates,1
Draper Fisher Jurvetson,1
Draphant Consultants,1
Dream Incubator,1
Dsg Consumer Partners,10
Dsg Consumer Partners And Venture Nursery,1
Dst Global,3
Dtdc Express Ltd,1
Dunamis Ventures Pte Ltd,2
Dutch Government Fund,1
E.On,1
E.Ventures,2
Eagle10 Ventures,1
Earlsfield Capital,3
East Ventures & Others,1
Ebay,1
Econtext Asia,1
Edbi,1
Edelweiss Financial Services,1
Edelweiss Private Equity,3
Eduardo Saverin,1
Eduardo Saverin & Velos Capital,1
Eight Road Ventures,1
Eight Roads Ventures,6
Elevar Equity,3
Elevate Sports,2
Elliot Stechman,1
Emerald Media,2
Emergent Ventures,2
Emergent Ventures India,1
Emerging India,1
Empire Angels,1
Enablers Platform,1
Endiya Partners,8
Ennovent Impact Investment Holding,1
Entrepreneurs India,2
Epsilon Venture Partners,1
Equentia Natural Resources,1
Equity Crest,1
Eros Labs,2
Esvee Technologies Inc,1
Eureka Forbes Ltd,1
European Investment Fund,1
Evan Lim,2
Evc Ventures,2
Exfinity Fund,1
Exfinity Venture Partners,6
Exfinity Venture Partners & Others,1
Exfinity Ventures,3
Existing & New Investors,1
Existing Investors,1
Extreme Venture Partnersâ  William Bissell,1
F-Prime Capital Partners,2
Facebook Fb Start Programme,1
Facebook Fbstart,3
Faering Capital,3
Fairfax Holdings,1
Falcon Edge Capital,6
Family Office Fund,1
Family Pot Investments Llp,1
Fao Ventures,1
Faraz Khan,1
Farhaan Shabbir,1
Farhan Naqvi,1
Farooq Adam,1
Farooq Adam Mukadam,1
Farooq Oomerbhoy,1
Farooq Oomerbhoy & Other Angel Investors,1
Fauzan Rahim,1
Fenqile,1
Ff Angel,1
Fidelity Biosciences,1
Fidelity Growth Partners,4
Fidelity Growth Partners India,2
Fih Mobile Ltd,1
Finc,1
Fireside Ventures,5
Fireside Ventures & Others,1
Fj Labs,1
Flipkart,11
Flipkart Logistics Pvt. Ltd,1
Florida Based Angel Investor,1
Florintree,1
Florintree Advisors,1
Ford Smart Mobility Llc,1
Fork Media,1
Fortisure Ventures,1
Forum Synergies Pe Fund,1
Fosun International,1
Foundation Capital,1
Founder Collective,1
Founders Fund,1
Foxconn,2
Foxconn Technology Group,1
Foxconn Technology Group & Others,1
Francesco Cara,1
Franchise India,2
Franchise India Brands,1
Franklin Templeton International Services Pvt. Ltd,1
Freakout Group,1
Fred Khosravi,1
Frontline Strategy,2
Ftv Capital,1
Fulcrum Ventures,1
Funding Through 1Crowd Platform,1
Fundnel,1
Fusion Tech Ventures,1
Fusiontech Ventures & Others,1
Future Fund,1
Gabriel Investments,1
Gagan Dugal,1
Gagan Goyal,1
Gagan Hasteer,1
Gain,1
Gaja Capital Private Equity Fund,1
Ganesh Narasimhan,1
Ganesh Natarajan,2
Gardx International,1
Gati Ltd,1
Gaurav Agarwal,3
Gaurav Bhalotia,3
Gaurav Bhatnagar,3
Gaurav Bhogle,1
Gaurav Dalmia,1
Gaurav Gupta,1
Gaurav Kachru,1
Gaurav Lochan,1
Gaurav Luniya,1
Gaurav Marya,1
Gaurav Munjal,1
Gaurav Sharma,1
Gaurav Singhvi,1
Gaurav Vats,1
Gautam Chhaochharia,1
Gautam Gandhi,1
Gautam Ivatury,1
Gautam Sinha,1
Gbim Technologies Pvt Ltd,1
Gems,1
Gems Advisory,2
Gems Group,1
General Catalyst,1
General Catalyst Partners,1
Geniee,1
Gfc,1
Ghv,1
Ghv Accelerator,4
Gic,2
Gic Ventures,1
Girish Mathrubootham,13
Girish Mathrubootham &Â  Group Of Other Angel Investors,1
Girish Matrubootham,1
Girish Reddy,1
Girnarsoft,2
Gleevoaz Ventures,1
Global Founders Capital,2
Globeinvestor,1
Globevestor,1
Globevestor Angel Fund,1
Gmo Japan,1
Gmo Payment Gateway,1
Goa,1
Gokaldas Exports Ltd,1
Gokul Jaykrishna,1
Gokul Rajaram,2
Goldman Sachs,6
Goldman Sachs Group,1
Google Capital,3
Google Capital & Accel Partners,1
Gopal Aggarwal,1
Gopal Srinivasan,1
Gordon And Betty Moore Foundation,1
Govind Rajan & Others,1
Gpa Group,1
Grace Capital Ventures,2
Grace Grace Techno Ventures Llp,1
Grasshoppers,1
Gray Matters Capital,3
Great Oaks Ventures,1
Gree Ventures,2
Green House Ventures,2
Green House Ventures (Ghv),4
Green House Ventures Accelerator,1
Green Shots Capital,1
Greenoaks Capital,3
Greenoaks Capital Partners,1
Grex,1
Grex.In,2
Grey Orange,1
Grey Orange Robotics,1
Greycroft,1
Greycroft Partners,2
Group Of 15 Angel Investors,1
Group Of Angel Investors,20
Group Of Angel Investors From Us/India,1
Group Of Hni Investors,1
Group Of Investors,2
Groupe Sos,1
Growthstory,2
Growx,1
Growx Ventures,10
Gsf,1
Gsf And Other Angel Investors,1
Gujarat Based Angel Investors,1
Gujarat Venture Finance Limited (Gvfl),1
Gujarat Venture Finance Ltd,1
Gulpreet Kohli,1
Gund Investment,1
Gurmeet Chahal & Others,1
Gurpreet Singh & Others,1
Guy Oseary,1
Gvfl,3
Gvfl Ltd,1
Gwb Group,1
Gyanendra Singh,1
H C Jain,1
Haldyn Glass,1
Hampton Capital,1
Hamraj Kumar,1
Haresh Chawla,3
Hari Krishna,1
Harinder Takhar,1
Harmeet Bajaj,1
Harminder Sahani,1
Harminder Sahni,1
Harmony Partners,2
Harpreet Singh Grover,2
Harsh Kundra,1
Harsh Mahajan,1
Harsh Mariwala,1
Harsh V. Pant,1
Harsh Vardhan Hada,1
Harvard Angels,1
Havya Sharma,1
Hax Accelerator,1
Hbm Healthcare Investments,2
Hcs Venture Capital Fund,1
Hdfc,2
Hdfc Bank,1
Healthsquad,1
Helion Advisors,1
Helion Venture,1
Helion Venture Partner,1
Helion Venture Partners,14
Helion Ventures,9
Hemang Sahani,1
Hemant Kanakia,1
Hemant Kaul,2
Hemant Sahni,1
Herb Madan,1
Hercules Capital,1
Hermes Group,1
Hero Motocorp,1
Hetal Sonpal,1
High Networth Individuals (No Details),1
High Networth Individuals From India & Usa,1
Hillhouse Capital,2
Himanshu Aggarwal,2
Himanshu Aggrawal,1
Hinduja Family,1
Hiro Mashita,2
Hirokazu,1
Hitesh Gupta,1
Hitesh Oberoi,1
Hitesh Windlass,1
Hitouch Ag,1
Holostik Group,1
Holtzbrink Ventures,1
Hooting Starts Sports Llp,1
Horizons Ventures,1
Horseferry,1
Hr Fund,1
Hr Technology Fund,1
Hrishi Oberoi,1
Hrishikesh Parandekar,1
Ht Digital Media Holdings Ltd,1
Ht Media,1
Ht Media Ltd,2
Huang Wei,1
Huzaifa Khorakiwala,1
Hyderabad Angels,9
Hyderabad Angels (At Startup Heroes Event),5
Hyderabad Based Investor,1
I-Cube-N,1
I2India Pvt Ltd,1
I2India Ventures,1
Ian Ventures,1
Ibhubs,1
Ibibo Group,1
Id Enablers Pvt Ltd,1
Idea Wave Labs,1
Ideaspring Capital,4
Ideation Initiative Pvt. Ltd,1
Idein Ventures,4
Idfc Parampara Early Stage Opportunities Fund,1
Idfc Spice Fund,1
Idg,1
Idg Ventures,23
Idg Ventures & Advantedge Fund,1
Idg Ventures India,15
Idg Ventures India Advisors,1
Ifc,2
Ifc Everstone Group,1
Ifmr,1
Ifmr Capital Finance,1
Ignition Partners,2
Iifl And Accel Partners,1
Iifl Seed Ventures,1
Iifl Seed Ventures Fund,1
Iifl Wealth Management Seed Venture Fund,1
Ilearnfinance Academy Pvt. Ltd,1
Imj Investment Partners,1
Imm Investment,1
Impact Investment Holding,1
Impanix Capital,1
Inara Capital,1
Inc,1
Inc95 Consulting,1
Incubate Fund,1
India Alternatives,1
India Educational Investment Fund,5
India Innovation Fund India Venture Partners,1
India Internet Fund,1
India Nivesh Growth Fund,1
India Quotient,22
India Quotient & Other Investors,1
India Quotient And Others,1
India Value Fund Advisors,1
India Ventures,1
Indiamart,1
Indian Angel Network,41
Indian Angel Network (Ian),2
Indian Angels Network,2
Indian Quotient,1
Indianideas.Com,1
Indianivesh Venture Capital Fund,1
Indochine International,1
Indus Age Partners,1
Infibeam,2
Infina Finance Pvt. Ltd,1
Inflexionpoint,1
Info Edge,1
Info Edge (India),2
Info Edge (India) Ltd,8
Infocomm Development Authority Of Singapore,1
Infocomm Investments,1
Infoedge,1
Infosys,1
Infosys Innovation Fund,1
Infuse Ventures,8
Infuse Ventures Fund,1
Ingram Content Group,1
Inmobi,1
Innovations East,1
Innoven Capital,7
Innoven Capital India,1
Insitor Impact Asia Fund,1
Instalabs,1
Institutional Venture Partners,1
Intel Capital,1
Intel Capital & Kae Capital,1
Intellecap Impact Investment Network,2
Intelli Reboot Digital Pvt. Ltd,1
Interglobe Technology Quotient,1
International Finance Corp,1
International Finance Corporation,2
International Finance Corporation (Ifc),1
International Financial Corporation,1
Internet Group,1
Interwest Partners,1
Intex Technologies,1
Inventus Capital,4
Inventus Capital Partners,4
Investment Ab Kinnevik,1
Investopad,1
Investors From Mumbai Angels & Letsventure,1
Iron Pillar And Iifl,1
Ishan Manaktala,1
Ishwar Singh,1
Ison,1
Itw Digital,1
Ivy League Alumni Angel Network,1
Ivycamp Ventures,2
Ivycap Ventures,9
Ivycap Ventures Advisors,1
Ivycap Ventures And Unicorn India Ventures,1
J.P. Bhatt,1
Jaarvis Accelerator,1
Jacqueline Fernandez,1
Jafco Asia,2
Jagdish & Sandeep Mehta Family Office,1
Jagdish Kumar,1
Jai Choi,1
Jaideep Mehta,1
Jaikumar Nair,1
Jairaj Singh,1
Jan Manten,1
Janak Jain,1
Janak Parikh,1
Japan & Teruhide Sato (In Addition To Mks Switzerland & Kris Gopalkrishnan),1
Japan Vyas,1
Jarett Posner,1
Jason Hirschhorn,1
Jaspal Bindra,1
Jasper Infotech Pvt Ltd,1
Jaspreet Bindra,1
Jatin Aneja,2
Jay Sethuram,1
Jay Srinivasan,1
Jay Vijayan,1
Jayabalan Subramanian,1
Jayant Bokadia,1
Jayant Davar,1
Jaydeep Barman,1
Jayesh Parekh,1
Jayesh Shah,1
Jaysukh Sapra,1
Jeevanandhan Rajagopal,1
Jeroen Mensen,1
Jitendra Gupta,3
Jitendra Gupta & Others,1
Jitu Virwani,1
Jll,2
Jm Financial Products Ltd,1
Jmr Infotech India Pvt Ltd,1
Joby Babu,1
John Katzman,1
Jonathan Boutelle,1
Jozef Bardik,1
Js Capital,1
Jsw Ventures,3
Jungle Venture Partners,1
Jungle Ventures,13
Jungle Ventures & Bessemer Venture Partners,1
Jupiter Capital,1
Justin Kan,1
K Ganesh,2
K2 Capital,1
Kae Capital,23
Kaizen Management Advisors,1
Kaizen Private Equity,1
Kalaari Capital,44
Kalaari Capital Accelerator Program,3
Kalaari Capital And Idg Ventures India,1
Kalaari Capital And Inventus Capital,1
Kalaari Capital Partners,1
Kalpana Tatavarti,1
Kamal Bansal,1
Kamal Chabra,1
Kamal Kothari,2
Kamal Puri,1
Kanchan Ghoshal,2
Kanodia Family,1
Kanpur Angels & Others,1
Kanwaljit Singh,5
Kapil Goel,1
Kapil Hetamsaria,1
Karan Bajwa,2
Karan Bhagat,1
Karan Chellani,2
Karan Maheshwari,1
Karanpal Singh,1
Karanpal Singh & Others,1
Karnataka Semiconductor Venture Capital Firm,1
Karsemven Fund,1
Karthee Madasamay,1
Kartik Hosanagar,1
Kashyap Deorah,3
Katabole Technology Venture,1
Kaushal Agarwal,1
Kcl,1
Kedar Lele,1
Keiretsu Forum,1
Keith Rodricks,1
Kellygamma,1
Kemark Ventures,1
Keshav Sanghi,1
Kevin Parikh,1
Keystone Group,1
Keyur Joshi,1
Khattar Holdings,2
Khazanah Nasional Berhad,3
Khosla Impact,3
Khosla Ventures,1
Kickstarter,1
Kima Ventures,1
Kinnevik Group,1
Kinzon Capital,1
Kiran Bhat,1
Kiran Deshpande,1
Kiran Mazumdar-Shaw,2
Kirthiga Reddy,1
Kishor Ganji,1
Kishore Ganji,1
Kishore Kumar,1
Kiyohiro Sugashita,1
Kjs Group,1
Kk Mehra,1
Kleiner Perkins,1
Kludein Llcphanindra Sama,1
Knoll Ventures And Others,1
Koen Bouwers,1
Konglo Ventures,2
Konly Venture,1
Kris Gopalakrishnan,8
Kris Gopalakrishnan & Others,1
Krish Seshadri,1
Krishan Gupta & Others,1
Krishna Jhujhunwala,1
Krishna Jhunjhunwaala,1
Krishna Jhunjhunwala,1
Krishna Mehra,3
Krishna Rokhale,1
Krishnakumar Nataraj,1
Krit Sankalp,1
Kshitij Jain,2
Kstart Capital,2
Ktb Network,1
Kumar Bansal,1
Kumar Shwetabh,1
Kunal Bahl,13
Kunal Bajaj,1
Kunal Khattar,1
Kunal Shah,16
Kunal Shah & Sandeep Tandon,2
Kwan Entertainment & Marketing Solutions,1
L.D Sharma,1
Labruyere Eberlã©,1
Lahiri MusicâS Family Office,1
Lalit Mangal,3
Lalit Mangal & Others,1
Lalit Vase,1
Lalitesh Katragadda,1
Langoor,1
Lantern Capital,1
Larry Braitman,1
Lashit Sanghvi,1
Lead Angel Network,1
Lead Angels,5
Lead Angels & Others,2
Lead Angels Group & Others,1
Lead Angels Network,1
Leapfrog Investments,1
Lemelson Foundation,1
Lensbridge Capital,1
Leo Wang Sangeeth Ram,1
Leon Seynave,1
Letsventure,17
Letsventure Investors,1
LetâS Venture,1
Lg Chandrasekhar,1
Lgt Group,1
Li Jian,1
Li Tao,1
Liberty Media,1
Life.Sreda,1
Lightbox,1
Lightbox Expansion Fund,1
Lightbox Ventures,5
Lightbox Ventures And Others,1
Lightspeed India,2
Lightspeed India Partners,4
Lightspeed Us,1
Lightspeed Venture Partners,12
Lightspeed Venture Partners India,1
Lightspeed Ventures,5
Ligthbox Ventures Ii,1
Likemind Ventures,1
Lion Ventures,1
Lionrock Capital,1
Lip-Bu Tan,1
Littlerock,1
Ln Buddharaju,1
Logtally,1
Lohia Group,1
Lok Capital,1
Lomesh Agarwal,1
Lothal Angel Ventures,1
Low Carbon Enterprise Fund,1
Lumina Datamatics,1
Lumis Partners,2
Luxasia Group,1
Lv Prasad,1
LâOccitane,2
M & S Partners,1
M George Oommen,1
M&S Partners,8
M&S Partners & Others,1
M&S Partners Pte. Ltd,1
M&Y Partners,1
Madhankumar Madathupalayam,1
Madhukar Gangadi,1
Madhusudan E,1
Madhusudhan Jujare & Others,1
Mahalingam K,1
Mahavir Pratap Sharma,3
Mahavir Sharma,1
Mahendra Doshi,1
Mahendra Patel,1
Mahesh Murthy,2
Mahesh Parasuraman,1
Mahesh Pratapneni,1
Maheshwari Investments Pvt Ltd,1
Mahindra And Mahindra Financial Services,1
Mahindra Holidays & Resorts India Ltd,1
Mahindra Partners,1
Mahindra Univeg,1
Maiden Lane Ventures,1
Makemytrip,3
Makemytrip Innovation Fund,1
Malini Patel,1
Mall Industries Development Bank Of India (Sidbi),1
Malvinder And Shivinder Singh,1
Mamoru Taniya,1
Man Capital,1
Mandeep Singh,1
Mangrove Capital Partners,1
Mangroves Capital Partners,1
Manickam Mahalingam,1
Maninder Gulati,2
Manipal Education And Medical Group (Memg),1
Manipal Global Education Services,2
Manipal Group,1
Manish Dhingra,3
Manish Dugar,1
Manish Gandhi,1
Manish Gupta,1
Manish Kheterpal,3
Manish Maheshwari,1
Manish Prasad,1
Manish Shah,1
Manish Singhal,2
Manish Vij,2
Manisha Gupta,1
Manoj Varghese,2
Manpreet Singh,1
Mantra Ventures,1
Manvinder Singh Banga,1
Mape Advisory,1
Mape Advisory Group,3
Maple Capital Advisors,1
Mapmyindia,1
March Capital,1
Marico Innovation Foundation (Mif),1
Mariwala Family,1
Mark Mobius & 9 Other Angel Investors,1
Mastercard,1
Mathew Cyriac,2
Mato Peric,2
Mato Peric & Others,1
Matrix Partners,18
Matrix Partners India,7
Matt Glickman,1
Matt Mullenweg,1
Maverick Capital,1
Maverick Capital Ventures,2
Max Levchin,1
Max Ventures And Industries,1
Mayank Bhangdia,1
Mayank Mittal & Others,1
Mayank Shah,1
Mayank Singhal,2
Mayank Singhal And Others,1
Mayfield,2
Mayfield India,6
Mayfield India Ii Management Ltd,1
Mayfield Ventures,5
Mcube Capital Advisors Pvt Ltd,1
Mcube8,1
Medi Assist,1
Mediatek,1
Mediatek Inc,1
Meet Kanodia,1
Meher Roy,1
Mekin Maheshwar,1
Mekin Maheshwari,4
Menterra Social Impact Fund,2
Meraevents,1
Mercury Fund,1
Merittrac,1
Meru Capital,1
Michael & Susan Dell Foundation,5
Michael And Susan Dell Foundation,2
Michael Blakey,1
Michael Carlos,1
Michael Herzig,1
Michael Marks,1
Micromax,1
Micromax Informatics,4
Micromax Informatics Ltd,1
Microsoft,1
Microsoft Ventures,1
Mike Galgon,2
Mike Shah,1
Milind Chaudhary,1
Milind Sarwate,1
Milliways Ventures,1
Mirah Hospitality,1
Mistletoe,2
Miten Mehta,1
Mitesh Majithia,1
Mitin Patel,1
Mitsui & Co,2
Mitsui & Co & Existing Investors,1
Mj Aravind,1
Mmy Co-Founder,1
Mobikon,1
Mohammed Bin Abdul Rehman Al Khalifa,1
Mohammed Khan,1
Mohan Alexander,2
Mohan Kumar,1
Mohandas Pai,5
Mohandas Pai & Others,2
Mohandas Pai. Pallav Nadhani,1
Mohit Agarwal,1
Mohit Goel,2
Mohit Gulati,1
Mohit Gupta,1
Mohit Joshi & Others,1
Mohit Lalvani,1
Mohit Satyan,1
Mohit Satyanand,1
Mohit Satyanand & Others,1
Mohit Saxena,3
Mohit Sharma,1
Mohit Srivastav,1
Mohr Davidow Ventures,1
Moksh Sports Ventures,1
Momagic Technologies,2
Morgan Stanley,1
Mount Nathan Advisors,2
Mount Nathan Advisors Pte Ltd,1
Mountain Pine Capital,1
Mousse Partners,2
Mr. Praveen Someshwar,1
Mr. Sudhir & Ms. Shalini Sethi,1
Mudit Saxena,1
Mukesh Bansal,1
Mukesh Kumar Gupta,1
Mukul Singhal,2
Multiple Investors,1
Multiple Investors Through Ten Minute Million Competition,4
Multiples Alternate Asset Management,1
Mumbai Angels,17
Mumbai Angels & Group Of Other Investors,1
Mumbai Angels & Other Angel Investors,1
Mumbai Angels Mape Advisory Group,1
Mumbai Angels Network,1
Munish Jauhar,1
Murali Nair,1
Murugappa Group,1
Mustafa Patni,1
Mustafa Wajid,1
Myntra/Livspace Founders,1
N Squared Management Llc,1
N.S. Raghavan Centre For Entrepreneurial Learning,1
Nagaraja Prakasam,1
Nagendra Chaudhary,1
Nagendra Prasad Bhanuprakash,1
Nahata Family,1
Nalin Jain,1
Nalin Jain & Other Angel Investors,1
Naman Sarawagi,1
Nanadan Nilekani,1
Nandan Nilekani,10
Nandan NilekaniâS Nrjn Trust,1
Nandkumar Rane,1
Nandu Nandkishore,1
Nanoholdings,1
Narayan Ramachandran,2
Narayan Seshadri,1
Narendra Karnavat,1
Naresh Ravindranath,1
Narottam Thudi,1
Nasper,1
Naspers,1
Natarajan Iyer,1
National Science And Technology Entrepreneurship Development Board,1
Native Angels Network,1
Naturals Salon Chain,1
Naveen Arya,1
Naveen Gupta,1
Naveen Tewari,3
Naveen Tiwari,2
Navjot Saini,1
Naya Ventures,1
Nazara Technologies Pvt Ltd,1
Nb Ventures,3
Nea,3
Nea Ventures,1
Neelesh Bhatnagar,1
Neeraj Aggarwal,1
Neeraj Arora,3
Neeraj Goenka,1
Neeraj Jawalkar,1
Neha Vats,1
Nelstone Ventures,1
Neoplux Technology Fund,1
Neoteric Infomatique Limited,1
Ness Wadia,1
Net1 Ueps Technologies Inc,1
Network 18,1
New Enterprise Associates,4
New Enterprise Associates (Nea),2
New India Investment Corporation,1
Newbie Promoter Pvt Ltd,1
Newbie Promoters,1
Next Orbit Ventures Fund,1
Nexus India Capital Advisors,1
Nexus Venture Partners,25
Nexus Venture Partners And Arena Ventures,1
Nexus Ventures,1
Ngp,1
Nibhrant Shah,1
Nick Adams,1
Nick Haulkoury,1
Nicolas Braithwaite,1
Nihon Kotsu,1
Nihon Kotsu Co,1
Nikhil Arora,1
Nikhil Bagri,1
Nikhil Golcha,1
Nikhil Vora,2
Nikhil Vora & Others,1
Nikunj Jain,2
Nikunj Jhaveri,1
Nilender Chauhan,1
Nilesh Shah,1
Niloufer Dundh,1
Nimit Panigrahi,2
Nimitt Desai & Others,1
Nimmagadda Prasad,1
Ninestarter,1
Nipun Dureja,1
Niraj Singh,3
Nirav Choksi & Others,1
Nirmal Singh,1
Nirupa Shankar,1
Nirvana Digital India Fund,2
Nirvana Digital Investment Holding,1
Nirvana Digital Investment Holding Co Ltd,1
Nirvana Venture Advisors,1
Nisha Sharma,1
Nishant Rao,1
Nitesh Pant,1
Nitin Agarwal,1
Nitin Garg,1
Nitin Passi,1
Nitin Saluja,1
Nitin Singhal & Others,1
Nitish Singh,1
Nobel House,1
Nokia Growth Partners,1
North Base Media,2
Norwest Venture Partners,15
Noshir Kaka,1
Not Disclosed,1
Now Capital,1
Nsi Infinium Global Pvt. Ltd,1
Nspira,1
Ntt Finance,1
Ny Based Hedge Fund,1
Nyca Partners And Thomvest Ventures,1
Oikocredit,1
Ojas Ventures,1
Ola,1
Oliphabs Capital,1
Oliphans Capital,3
Om Chaudhry,1
Omidiyar Network,1
Omidyar Network,16
Omidyar Network And Kae Capital,1
Omidyar Networks,2
Omnivore Capital,1
Omnivore Partners,2
One97 Communication Ltd,1
One97 Communications,1
Ontario Teachersâ Pension Plan & Others,1
Oranda Global & Others,1
Orbimed,1
Orios Venture Partner,1
Orios Venture Partners,12
Orios Ventures Partners,1
Oswal Techno Ventures Llp,1
Others,2
Others From Letsventure,1
Outbox Ventures,4
P39 Capital,1
P39 Capital & Others,1
Pablo Van Den Bosch & Others,1
Palaash Ventures,2
Palash Jain,1
Pallab Chatterjee & Others,1
Pallav Nadhani,4
Palred Technologies Ltd,1
Pameela P,1
Pankaj Gupta,2
Pankaj Kapoor,1
Pankaj Rungta,1
Pankaj Tripathi,1
Paragon Partners,1
Paragon Trust,1
Parampara Capital,2
Parampara Early Stage Opportunities Fund & Others,1
Parikshit Dar,1
Parth Jindal,1
Parvesh Bareja,1
Patni Family Office,1
Paul Bucche,1
Paul Roy,1
Paula Ravindra Mariwala,1
Pavan Bakeri,1
Pavan Ongole,3
Pawan Borle,2
Pawan Munjal,1
Payal Syal,1
Paytm,8
Paytm & Existing Investors,1
Paytm (One97 Communications),2
Payu,2
Pearson Learning Fund,1
Peepul Capital,2
Peesh Venture Capital,1
People Group (Shaadi.Com),1
Peter Kabel & Others,1
Peyush Bansal,1
Phanindra Sama,8
Philippe Bouchet,1
Pi Ventures,3
Pine Brook,1
Pittie Group,1
Pix Vine Capital,1
Piyush Jain,1
Piyush Shah,2
Pk Gulati & Others,1
Plug And Play Tech Center,1
Poshika Financial Ecosystem,1
Powai Lake Ventures,8
Powerhouse Ventures,4
Powerhouse Ventures & Others,1
Powerhouse Ventures (Usa),1
Prabhakar Mr & Others,1
Prabhat Aggarwal,1
Pradeep Dhobale,1
Pradeep Guha,1
Pradeep K Jaisingh,1
Pradeep Mirani,1
Pradeep Reddy Kamasan,1
Pradip Dadha Group,1
Pradyumna Dalmia,2
Prahlad Rao,1
Prakhar Bumb,1
Pramod Bhasin,4
Pranav Dedhia,1
Pranav Pai,1
Pranay Adhvaryu,1
Pranay Chulet,1
Pranay Jivrajka,2
Prantik Dasgupta,1
Prashant Gooty,1
Prashant Malik,1
Prashant Puri,1
Prashant Tandon,3
Prashanth Ranganathan,1
Pratik Seal,1
Pratik Singhi,1
Pratyush Prasanna,1
Praveen Dubey,1
Praveen Saini,1
Praveen Sinha,1
Pravega Ventures,2
Pravin Agarwala & Others,1
Pravin Dongre,1
Pravin Gandhi,1
Pravin Khandelwal,1
Premji Invest,1
Premji Invest & Mayfield Fund,1
Premjiinvest,2
Presidio Ventures,1
Prijit Debnath,1
Prime Capital Markets Ltd,1
Prime Venture Partners,6
Priti Padhy,1
Private Sector Banks (Debt Funding),1
Procam International Pvt. Ltd,1
Prof. Ram Kumar Kakani & Others,1
Professor Tarun Khanna,1
Promatus Group,1
Prototyze,1
Pulkit Jain,1
Puneet Agarwal,1
Puneet Bhatia & Others,1
Puneet Dalmia,3
Puneet Gupta,2
Puneet Motihar,1
Punit Goyal,1
Punit Soni,3
Purpletalk Inc,1
Puru Vashishtha,1
Purvi Capital,3
Purvi Ventures,2
Purvi Ventures & Others,1
Puthen & Cole,1
Pv Sahad,1
Pv Srinivasan,1
Qasar Younis,1
Qprize From Qualcomm Ventures,1
Quadria Capital Advisors,1
Quake Capital,1
Qualcomm,2
Qualcomm (Through Qprize Contest),1
Qualcomm Venture,1
Qualcomm Ventures,8
Qualgro,2
Quarizon,6
Quarizon Consultancy Services Llp,1
Quikr,1
Quilvest,1
Quintillion Media,3
Quona Capital,1
R Balachandar,1
R M Picture Company Pvt. Ltd,1
R Natarajan,1
R Ramaraj,2
R. Natarajan,1
R. Satya Narayanan,1
R.S Sharma,1
Raay Global Investments,1
Radhakrishnan Natarajan & Others,1
Raghav Bahl,3
Raghu Khanna,1
Raghu Vohra,1
Raghunandan G,6
Rahul Agarwal,1
Rahul Garg,1
Rahul Gautam & Others,1
Rahul Gupta,1
Rahul Kayan,1
Rahul Khanna,1
Rahul Khanna & Others,1
Rahul Kirloskar,1
Rahul Mehta,1
Rahul Singh,1
Rainbow Digital Services Pvt. Ltd,1
Rainmaker Ventures,2
Rainmatter,4
Raj Gala Shah,1
Raj Singh Bhandal,1
Raj Y,1
Rajan Anandan,24
Rajan Anandan & Other Angel Investors,1
Rajan Pandhare,1
Rajasthan Angel Innovators Network,2
Rajasthan Angel Investor Network & Others,1
Rajasthan Venture Capital Fund,1
Rajat Gupta & Others,1
Rajat Jain,1
Rajat Malhotra,1
Rajeev Agrawal,1
Rajeev Menon,1
Rajeev Mudumba,1
Rajeev Saraf,1
Rajendra Gogri,1
Rajesh Aggarwal,1
Rajesh Arora,1
Rajesh Balpande,1
Rajesh Bhatia,1
Rajesh Magow,1
Rajesh Ramaiah,1
Rajesh Ranavat,1
Rajesh Sawheny,1
Rajesh Sawhney,6
Rajesh Yabaji,1
Rajesh Yohannan,2
Rajiv C Mody,1
Rajiv Lunkad,1
Rajiv Mehta,3
Rajiv Mody,1
Rajiv Nayan,1
Rajiv Solanki,1
Rajnish Kumar,1
Rajnish Sinha,1
Raju Reddy,1
Rajul Garg,7
Rajul Garg & Others,1
Rajul Jain,1
Rakesh Agrawal,1
Rakesh And Rajesh Jhunjhunwala,1
Rakesh Desai,1
Rakesh Gakhar,1
Rakesh Gupta,1
Rakesh Malhotra,1
Rakesh Mathur,2
Rakesh Patel,1
Ram Kumar Kakani,2
Ram Shriram,1
Rama Krishna Reddy,1
Ramakant Sharma,2
Raman Roy,2
Ramana Thumu,1
Ramasubramaniam B,1
Ramesh Jogani,1
Ramesh Kavediya,1
Ranjan Mahtani,1
Ranjan Pai,2
Ranjan Sharma,1
Ranjit Singh,1
Rannvijay Singh,1
Rata Tata,1
Ratan Tata,30
Ratheesh Raveendran,1
Rattan Chadha,1
Ravi Adusumalli,1
Ravi Agarwal,1
Ravi Garikipati,3
Ravi Garkipati,1
Ravi Gururaj,3
Ravi Jain,1
Ravi Jaipuria & Others,1
Ravi Krishnamurthy,1
Ravi Linganuri,1
Ravi Machani,1
Ravi Nigam & Others,1
Ravi Sampat,1
Ravi Saxena,1
Ravi Trivedi,1
Rb International,1
Rb Investments,9
Rb Investments & Existing Investors,1
Rb Investments Pte Ltd,1
Real Time Ventures,1
Rebright Partners,6
Recruit Holdings,1
Redbright Partners,1
Redcliffe Capital,2
Reema Kagati,1
Reliance Capital,1
Reliance Capital Venture,1
Reliance Corporate Advisory Services Ltd,1
Reliance Entertainment,1
Renaud Laplanche,1
Renuka Ramanath,1
Responsability Investments,1
Rianta Capital,2
Ribbit Capital,2
Richard S. Braddock,1
Riddhesh Gandhi & Others,1
Riju Gupta,1
Rimpal Chawla,1
Ripplewave,1
Riqueza Capital,1
Risabh Gupta,1
Rise India,1
Rishi Das,1
Rishi Gupta & Others,1
Rishi Khiani,1
Rishi Mandawat,1
Rishi Parti,2
Rishi Srivastava,1
Rishi Vasudev,1
Ritesh Dwivedy,2
Ritesh Mehta,1
Ritesh Veera,1
Ritu Kapur,1
Rn Agarwal,1
Rnt Capital,1
Rob Chandra,1
Robert Winters & Others,1
Robin Utthappa,1
Rocket Internet,3
Rocket Internet Ag,1
Rocket Internet Ag & Others,1
Rocketship,2
Rohan Ajila,1
Rohan Angrish,1
Rohan Desai And Paras Patel,1
Rohan Malhotra,2
Rohit,1
Rohit Bansal,12
Rohit Bhatia,1
Rohit Chokhani,1
Rohit Choudhary,1
Rohit Goel,1
Rohit Jain,2
Rohit Ma,1
Rohit Narang,1
Rohit Sethi,1
Rohitash Gupta,1
Rohto Pharmaceutical,1
Romulus Capital,1
Ronnie Screwvala,1
Roopa Nath,1
Roopak Saluja,1
Roopak Taneja,1
Rothenberg Ventures,1
Roundglass Partners,10
Roy Kwan,1
Rsi Fund,1
Rtp-Hc,1
Ru-Net,4
Ru-Net Technology Partners,1
Ruchi Narain,1
Ruchi Sanghvi & Others,1
Ruchir Arora & Others,1
Ruchirans Jaipuria,1
Rudy Gopalakrishnan,2
Runet And Sofina,1
Runet South Asia,1
Russian Venture Capital Fund Ru-Net,1
Rvcf And Sidbi,1
Rwe,1
S Chand,1
S Chand & Co,1
S Chand And Co Pvt Ltd,2
S S Mukherji & Others,1
S Somasegar,1
S. Somasegar & Others,1
S. Xavier Britto,1
S.D. Shibulal,1
S.Gopalakrishnan,1
Saama Capital,7
Saavn,1
Sachin And Binny Bansal,2
Sachin Bansal,5
Sachin Bansal & Binny Bansal,1
Sachin Bhatia,3
Sachin Dalal,1
Sachin Khandelwal And Others,1
Sachin Tendulkar,1
Sadashiva Nt,1
Saha Fund,3
Sahil Barua,3
Saif Partners,44
Saif Partners & Others,1
Saif Partners And Others,1
Sailender Solanki,1
Saina Nehwal,1
Saket Dhankar,1
Salesforce Ventures,1
Salil Donde,1
Samar Singla,1
Sameer Gupta,1
Sameer Koticha,1
Sameer Narayan & Others,1
Samir Bangara,2
Samir Shah,2
Samridhi Fund,1
Sandeep Acharya & Others,1
Sandeep Aggarwal,3
Sandeep Dama & Others,1
Sandeep Gupta,1
Sandeep Mathur,1
Sandeep Pangal,1
Sandeep Parwal,1
Sandeep Raju,1
Sandeep Seerapu,1
Sandeep Shroff,1
Sandeep Singh,1
Sandeep Tandon,13
Sandiep Shrivatsava,1
Sands Capital,1
Sands Capital And Accel Partners,1
Sangram Singh,1
Sanjai Vohra,1
Sanjay Anandaram,1
Sanjay Bakshi,1
Sanjay Bhasin,1
Sanjay Mehta,4
Sanjay Mehta & Others,1
Sanjay Mehta & Others ( The Ten Minute Million),1
Sanjay Nath,1
Sanjay Nayar,1
Sanjay Phophaliya,1
Sanjay Sathe,1
Sanjay Sethi,1
Sanjay Venkat,1
Sanjay Verma,1
Sanjeev Kakkar,1
Sanjeev Kapoor,1
Sanjeev Mehra,1
Sanjeev Singhal,1
Sanjeev Sinha,1
Sanjiv Mittal,1
Sanjiv Rai,1
Sanjiv Rangrass,1
Sap,1
Sap.Io,1
Sar Group,1
Sarath Sura,2
Sarbvir Singh,1
Sargod Ventures,1
Sarthak And Nihit Agarwal,1
Sarva Capital,1
Sarvesh Shahra & Others,1
Sarvesh Sharma,1
Sashi Reddi,2
Sashi Reddi & Other Unnamed Investors,1
Sashi Reddy,1
Sateesh Andara & Others,1
Satish Jamdar,1
Satish Kaul,1
Satish Reddy,1
Satish Vasudeva,1
Satoshi Studios,1
Sattva Capital,1
Satveer Thakral,1
Satya D Sinha,1
Satya Muthyala,1
Satyajit Heeralal,1
Satyen Kothari,1
Saumya Tandon,1
Saurab Paruthi,1
Saurabh Arora,1
Saurabh Jain,1
Saurabh Srivastava,2
Saã¯D Business School Seed Fund,1
Sb Ventures,1
Sbi (Stand Up India Scheme),1
Sbi-Fmo Fund,1
Scadea Solutions Inc,1
Scale Ventures,1
Scale Ventures Funds,1
Scm Holdings,1
Scott Banister,1
Sd Group,1
Sd Ventures,1
Sean OâSullivan & Others,1
Seedfund,4
Seedplus,2
Seedrs Crowd Funding Platform,1
Seek Ltd & Affiliates,1
Segnel Venture,1
Segnel Ventures,1
Senovo,1
Sequoia And Kalaari Capital,1
Sequoia Capital,65
Sequoia Capital Global Equities,1
Sequoia Capital India,7
Sequoia Capital India Advisors,1
Sequoia Capital India And Omidyar Network,1
Sequoia India,15
Sf Capital Group,1
Shaan,1
Shailesh Mehta,1
Shailesh Rao,1
Shailesh Singh,1
Shailesh Viswanathan,1
Shamik Sharma,1
Shankar Mahadevan,1
Shantanu Mathur,1
Shanti Mohan,1
Shapoorji Pallonji & Co. Ltd,1
Sharad Hegde,1
Sharad Sharma,4
Sharad Sharma & 14 Others,1
Shashank Bhagat,1
Shashank Mehrotra & Others,1
Shekhar Sahu,1
Sherpa Capital,1
Sherpalo Ventures,1
Shinji Kimura,1
Shireesh Palle,1
Shiva Ashok & Other Unnamed Investors,1
Shivanandan Pare,1
Shobhit Shukla,1
Shomil Pant,1
Shopclues,1
Shrem Strategies,1
Shreyans Shah,1
Shrikant Patil,1
Shrikanth & Bharath,1
Shripad Nadkarni,2
Shrishti Sahu,1
Shruth & Smith Group,1
Shubham Gupta,1
Shuchin Bajaj,1
Shun Yoshida & Others,1
Shunwei Capital,3
Shyam Sundar R & Others,1
Sidbi Venture Capital Fund,1
Sidbi Venture Capital Limited,1
Sidbi Venture Capital Ltd,3
Siddharth Agarwal,1
Siddharth Banerjee,1
Siddharth Nautiyal,1
Siddharth Pai,1
Siddharth Parekh,1
Siddharth Patil,1
Siddhartha Gupta,1
Siddhivinayak Skyscrapers,1
Sidharth Pansari,2
Sidharth Rao,1
Sidhartha Hazarika & Others,1
Sierra Ventures,1
Signal Point Partners,1
Silicon Valley Bank,2
Silicon Valley Ventures,1
Silver Range Investments,1
Simi Pacific Pte,1
Singapore Angel Network,13
Singapore Angel Network & Aseem Vadehra,1
Singapore Angels Network,1
Singapore Angels Network & Others,1
Singapore Based Investor,1
SingtelâS Innov8,1
Singularity Holdings,1
Singularity Ventures,3
Singularity Ventures And Ravi Dhariwal,1
Sirion Labs,1
Sistema Asia Fund,3
Sixth Sense,1
Sixth Sense Ventures,3
Smile Group,1
Smile Multimedia,1
Snapdeal,2
Snow Leopard,1
Snow Leopard Technology Ventures,2
Snow Leopard Ventures,1
Social Alpha And Other Unnamed Angel Investors,1
Social+Capital,1
Sofina,4
Softbank,5
Softbank Corp,1
Softbank Group,6
Softbank Group Corp,1
Softbank Ventures Korea,2
Softbank Vision Fund,1
Soham Vencaps,1
Sol Primero,5
Solidarity Venture Capital & Others,1
Soma Capital,1
Songhyun Investment,1
Soniks Consulting,1
Sophia Investment Aps,1
Soumitra Sharma,1
Sourav Ganguly,1
Sp Vijay,1
Sparknext,1
Speridian Technologies,1
Splice Advisors,1
Springboard Ventures,1
Sprout Angels Llp,1
Sprout Capital,1
Sque Capital,2
Sreenivasa Reddy Musani,1
Sreepathy Viswanathan,1
Sreeram Iyer,1
Sreevathsa Prabhakar,1
Sri Capital,5
Srinath Batni,1
Srini Koppolu & Sidbi,1
Srini Raju,1
Srinivas Aluri,1
Srinivas Modukury,1
Srinivas Tirupati,1
Srinivasa Rao Paturi,1
Stanford Angels,3
Stanford Angels & Entrepreneurs,1
Star India Pvt Ltd,1
Star India Pvt. Ltd,1
Startup Brasil Program,1
Startup Equity Partners,1
Startupxseed Ventures,2
Startupxseed Ventures Llp,1
Steadview Capital,5
Steadview Capital And Existing Investors,1
Steelhead Ventures & Others,1
Stelcore Management Services,1
Stellaris Venture Partners,3
Steven Lurie,1
Stripes Group,1
Subba Rao Telidevara,1
Subhash Goyal,1
Subodh Gupta,1
Subramani Somasundaram,1
Subramanian Ramadorai,1
Subramanya Sv,2
Subramanya Venkat,2
Subrata Mitra,1
Sudhakar Reddy,1
Sudhir Anandarao,1
Sudhir Mallem,1
Sudhir Mehta,2
Sudhir Rao & Others,1
Suhail Rahman,1
Sujal Shah,1
Sujeet Kumar,4
Sumit Dayal And Others,1
Sumit Gandhi,1
Sumit Jain,7
Summit Media,1
Sumpoorna Group,1
Sundar Chanrai,1
Sundara Rajan,1
Sundaram Finance Holdings,1
Sundeep Sahni,1
Sundeep Singh Sahni,1
Sunergy Investors,1
Sunil Edwards,1
Sunil Goyal Ashish Gupta,1
Sunil Kalra,5
Sunil Koul,1
Sunil Maheshwari & Group Of Investors,1
Sunil Mehta,1
Sunil Munjal,2
Sunil Nikhar,1
Sunil Singh & Others,1
Sunil T V,1
Sunjay Kapur,1
Sunrise Capital Gmbh,1
Sunstone Capital,1
Suramya Gupta,1
Suresh Senapaty,1
Suresh Shankar,1
Suresh Vaswani,1
Suresh Venkat,1
Surojit Chatterjee,1
Surot Chatterjee,1
Susa Ventures,1
Sushil Kumar,1
Sushill Jiwarajka,1
Susquehanna International Group.Â  Wavemaker Partners,1
Suvo Sarkar,1
Suyash Sharma,1
Svg Media,1
Svp Fly Dubai & Others,1
Swan Angel Network,3
Swapan Rajdev,1
Swarnim Multiventures,1
Swastika,1
Swastika Co Ltd,1
Swastika Company Ltd,5
Swastika Company Pvt Ltd,1
Swastika Investmart Ltd,1
Syska Led Group,1
T V Mohandas Pai,4
T.V. Mohandas Pai,1
Ta Associates,2
Tamarind Family Private Trust,1
Tandem Capital,1
Tania Johny Palathinkal,1
Tano Capital,1
Taranjit Jaswal,1
Tarun Adlakha,1
Tarun Arora,1
Tarun Joshi,1
Tashwinder Singh,1
Tata Capital Innovation Fund,1
Taurus Value Creation,1
Taxmann,1
Tci Ventures,1
Tcs,1
Team Builder Ventures,1
Techstars,1
Techstars Ventures & Others,1
Tekne Capital Management Llc,1
Tekton Ventures,1
Telephone Corporation,1
Temasek,2
Temasek Holdings,2
Tencent,1
Tencent Holdings,3
Tennenbaum Capital Partners & Others,1
Termsheet,1
Teru Sato,1
Teruhide Sato,2
The 1947,1
The Chennai Angels,12
The Grover Trust,1
The Hr Fund,2
The Phoenix Fund,1
The Phoenix Fund And Others,1
The Saha Fund,1
The Ten Minute Million,3
Thinqbate,1
Thirtythree Investments,1
Thrive Capital,1
Tiger Global,25
Tiger Global & Other Investors,1
Tiger Global Management,14
Tim Chen,1
Timbru Ventures,1
Times Group,1
Times Group Brand Capital,1
Times Internet,9
Times Internet Ltd,3
Times Internet Ltd & One More Fund,1
Times Of India Group & Existing Investors,1
Tlabs,1
Tm Service Technology Holdings Gmbh,2
Tnn Capital & Iig,1
Tnn Capital And Others,1
To The New Ventures,1
Tolaram Inc,1
Tom Clausen,1
Toos N Daruvala,1
Torrent Group,1
Tpg Growth,2
Tr Capital,2
Tracxn,1
Tracxn Labs,13
Tracxn Labs & Others,1
Tracxn Syndicate,2
Tracxnlabs,3
Transamerica,1
Transglobal Fzc,1
Transmedia Capital,1
Traxcn Labs,1
Traxcn Labs & Others,1
Tree Line Asia,2
Trifecta Capital,9
Trinity Ventures,1
Triton Investment Advisors,1
Turning Ideas,2
Tushar Mittal,1
Tushar Singh,1
Tv Mohandas Pai,14
Tv Mohandas PaiâS Family Office,1
Tvs Automobile Solutions Ltd,3
Tvs Group,2
Tvs Motor Company,1
Tybourne Capital,2
Uber Technologies Inc,1
Uc-Rnt,1
Uc-Rnt Fund,1
Udaan Angels,2
Uday Kotak,2
Uday Punj,1
Uday Shankar,1
Udayan Goyal,1
Uk Based Group Of Angel Investors,1
Umang Kumar,2
Umang Kumar & Others,1
Umang Moondra,1
Umasankar Nistala,1
Umesh Yadav,1
Un Disclosed Investors,1
Unicorn India Ventures,5
Unicorn India Ventures & Others,1
Unicorn Venture,1
Unicorn Ventures,1
Unigrowth Inc,1
Unilazer,1
Unilazer Fund,1
Unilazer Ventures,6
Uniqorn Ventures,2
Uniqorn Ventures And Other,1
Uniqorn Ventures Fund,1
Unitus Impact Livelihoods Fund,1
Unitus Seed Fund,16
Unitus Seed Fundnarayan Ramachandran,1
Unnamed Investor,1
Unnamed Media House And Hnis,1
Unternehmertum Venture Capital,1
Upaya Social Ventures,1
Urrshila Kerkar,1
Utsav Somani,2
V Aanand R,1
V Balakrishnan,3
V. Balakrishnan,1
V. Bunty Bohra,1
V. Krishna Prasad,1
Va Sastry,1
Vaibhav Domkundwar,1
Vaibhav Doshi,1
Vaibhav Jain,1
Valiant Capital,4
Valiant Capital Partners,1
Vallabh Bhanshali,1
Valpro Capital And Existing Investors,1
Value Fund Advisors,1
Vandana Luthra,1
Vani Kola,1
Varsha Rao,1
Varun Agarwal & Others,1
Varun Aggarwal,2
Varun Ahuja,1
Varun Khanna,1
Varun Khurana,1
Vc Karthic,1
Vcommission,3
Vectr Ventures,1
Vedanta Capital,1
Vegas Tech Fund,1
Vellayan Subbiah,2
Venk,1
Venk Krishna,1
Venk Krishnan,4
Venkat Tadanki,1
Venkat Vallabhaneni,1
Venkat Vallabhneni,1
Venkat Vardhan,1
Venkatesh Valluri,1
Venky Harinarayan,2
Venky Krishnakumar,1
Venture Catalysts,7
Venture Highway,3
Venture Nursery,1
Venture Nursery Angels Mumbai Angels,1
Venture Works,2
Ventureast,4
Ventureast Fund Advisors,1
Ventureeast,2
Venturenursery,2
Venturesity,1
Ventureworks India,2
Venturra Capital,1
Verlinvest,2
Verlinvest Sa,1
Version One Ventures,1
Vertex Ventures,6
Vh Capital,1
Vibhu Garg,3
Vidyadhar Sarfare,1
Vijai Laxmi,1
Vijay Anand,1
Vijay Ghadge,1
Vijay Kedia,1
Vijay Krishna Yadav,1
Vijay Shekhar Sharma,11
Vijay Shekhar Sharma & Others,1
Vikas Agarwal,1
Vikas Bajaj,1
Vikas Chadha & Others,1
Vikas Kapoor,1
Vikas Ranjan,1
Vikas Saxena,1
Vikas Taneja & Others,1
Vikram Chachra,4
Vikram Kotak,1
Vikram Lakhotia,2
Vikram Limaye,1
Vikram Mehta,1
Vikram Sud,2
Vikram Tandon,1
Vikrant Varshney,1
Viktor Koenig Pe Fund,1
Village Capital,1
Villgro,2
Vinay Bansal,1
Vinay Goel,1
Vinay Mittal,1
Vindi Banga,1
Vineel Nalla & Others,1
Vineet Nalla,1
Vineet Singh,1
Vineet Taneja,1
Vineet Varma,1
Vinners,1
Vinod Bansal,1
Vinod Jain & Others,1
Vinod Martin,2
Vinod Singhal,1
Vipin Arora,1
Vipul Gautam,1
Vipul Parekh,1
Viraj Tyagi & Others,2
Virendra Patel,1
Virendra Shahney,1
Virendra Shekhawat,1
Viridian Capital,1
Vishal Bali & Others,1
Vishal Gondal,3
Vishal Jain,1
Vishal Khare,3
Vishal Malik,1
Vishnu Bhat,1
Vishwadeep Bajaj,1
Vishwadeep Bajaj & Others,1
Vishwanathan,1
Vishwas Patel,1
Vispi Daver,1
Vissal Mathew,1
Vistaar Investment Advisors Pvt. Ltd,1
Viswanath Ramachandran,1
Vivek Bhargava,3
Vivek Joshi,2
Vivek Nathani,1
Vividhity Ventures,1
Vriddhi Fund,1
Vy Capital,3
Waheed Alli,1
Warburg Pincus,4
Waterbridge Ventures,4
Wealth First,1
Westbridge Capital,1
Westbridge Capital Partners,1
Wgg International,1
White Unicorn Ventures,2
William Bissel,1
William Bissell,1
William Campbell,1
Wingify,1
Wipro,1
Wipro Ventures,1
Wonder Ventures,1
Wrv Capital And Indusage Partners,1
Wu Chay Chin,1
Xchange Investors Nv,1
Xelpmoc,2
Xiaomi Inc,1
Y Combinator,2
Yajnanarayana Kammaje,1
Yang Shu,1
Yash Dongre,1
Yashish Dhaiya,1
Yatin Kumar Jain,1
Yeahmobi,1
Yes Bank,1
Yms Mobitech,1
Yogesh Agarwal,1
Yogesh Andlay,1
Yogesh Bansal,2
Yogesh Chaudhary,2
Yogesh Patel & Others,1
You & Mr Jones,1
Yournest Angel Fund,11
Yournest Angel Fundâ  & Others,1
Yournest Fund Ii,1
Yourwecan Ventures,1
Youwecan Ventures,11
Yuri Milner,2
Yuvraj Singh,2
Z Nation Lab,1
Zaffiro Ventures,2
Zaheer Memon,1
Zain Raj,1
Zeeshan Hayat,1
Zephyr Peacock India,1
Zeta,1
Zia Mody,1
Zishaan Hayath,9
Zishaan Hayath And Others,1
Zishan Hayath,1
Zodius Capital,6
Zodius Technology Fund,5
Zodius Technology Opportunities Fund,2
Zop Smart,1
Zoya Akhtar,1
Â  & Other Angel Investors,1
Â  91Springboard,1
Â  Aarin Capital,1
Â  Abhishek Jain,1
Â  Accel Partners,1
Â  Accel Partners India,1
Â  Amit Ranjan,1
Â  Aprameya Radhakrishna,1
Â  Arjun Malhotra,1
Â  Arpan Nagdeve,1
Â  Badal Malick,1
Â  Balamurali Krishna,1
Â  Capital Advisers,1
Â  Chandrakant Gogri,1
Â  Eight Roads Ventures,1
Â  Falcon Edge,1
Â  Ganapathy Venugopal,1
Â  Ganayantrika Systems,1
Â  Helion Ventures,1
Â  Inventus Capital,1
Â  Kaleden Holdings,1
Â  Kunal Shah,1
Â  Lightbox Ventures,1
Â  Lightspeed India,1
Â  Lok Capital,1
Â  Lumis Partners,1
Â  Manish Singhal,1
Â  Mayfield,1
Â  Mohandas Pai,1
Â  Mohit Saxena,1
Â  Nirvana Ventures Advisors,1
Â  Phanindra Sama,1
Â  Puneet Dalmia,1
Â  Qualcomm Ventures,1
Â  Rahul Chawla,1
Â  Rajan Anandan,1
Â  Ralph Berezan,1
Â  Ramkumar Nishtal,1
Â  Ravi Saxena & Others,1
Â  Ru-Net,1
Â  Ruchi Sanghvi & Others,1
Â  Saif Partners,1
Â  Sandeep Tandon,1
Â  Smart Start Fund; Kunal Shah,1
Â  Start Media,1
Â  Tiger Global Management & Others,1
Â  Times Internet,1
Â  Tracxn Labs,1
Â  Varaprasad Reddy,1
Â  Vikas Malpani,1
Â  Vikram Lal,1
Â  Viswanath Ramachandran,1
Â  Vivek Bhargava,1
